{
    "high": {
        "precision": 0.4,
        "recall": 0.25,
        "f1-score": 0.3076923076923077,
        "support": 8
    },
    "low": {
        "precision": 0.7307692307692307,
        "recall": 0.8837209302325582,
        "f1-score": 0.8,
        "support": 43
    },
    "medium": {
        "precision": 0.8,
        "recall": 0.6153846153846154,
        "f1-score": 0.6956521739130435,
        "support": 26
    },
    "normal": {
        "precision": 0.85,
        "recall": 0.85,
        "f1-score": 0.85,
        "support": 40
    },
    "accuracy": 0.7692307692307693,
    "macro_avg": {
        "precision": 0.6951923076923077,
        "recall": 0.6497763864042934,
        "f1-score": 0.6633361204013378,
        "support": 117
    },
    "weighted_avg": {
        "precision": 0.7642998027613412,
        "recall": 0.7692307692307693,
        "f1-score": 0.7602435468656203,
        "support": 117
    },
    "micro_avg": {
        "precision": 0.7692307692307693,
        "recall": 0.7692307692307693,
        "f1-score": 0.7692307692307693
    }
}