{
    "high": {
        "precision": 0.7142857142857143,
        "recall": 0.5555555555555556,
        "f1-score": 0.6250000000000001,
        "support": 9
    },
    "low": {
        "precision": 0.8925619834710744,
        "recall": 0.9557522123893806,
        "f1-score": 0.923076923076923,
        "support": 113
    },
    "medium": {
        "precision": 0.9806451612903225,
        "recall": 0.926829268292683,
        "f1-score": 0.9529780564263324,
        "support": 164
    },
    "normal": {
        "precision": 0.9818181818181818,
        "recall": 1.0,
        "f1-score": 0.9908256880733944,
        "support": 162
    },
    "accuracy": 0.953125,
    "macro_avg": {
        "precision": 0.8923277602163233,
        "recall": 0.8595342590594047,
        "f1-score": 0.8729701668941624,
        "support": 448
    },
    "weighted_avg": {
        "precision": 0.953500954167324,
        "recall": 0.953125,
        "f1-score": 0.9525331585479927,
        "support": 448
    },
    "micro_avg": {
        "precision": 0.953125,
        "recall": 0.953125,
        "f1-score": 0.953125
    }
}