{
    "high": {
        "precision": 0.5,
        "recall": 0.375,
        "f1-score": 0.42857142857142855,
        "support": 8
    },
    "low": {
        "precision": 0.7954545454545454,
        "recall": 0.813953488372093,
        "f1-score": 0.8045977011494252,
        "support": 43
    },
    "medium": {
        "precision": 0.6785714285714286,
        "recall": 0.7307692307692307,
        "f1-score": 0.7037037037037038,
        "support": 26
    },
    "normal": {
        "precision": 0.8717948717948718,
        "recall": 0.85,
        "f1-score": 0.8607594936708861,
        "support": 40
    },
    "accuracy": 0.7777777777777778,
    "macro_avg": {
        "precision": 0.7114552114552115,
        "recall": 0.692430679785331,
        "f1-score": 0.6994080817738609,
        "support": 117
    },
    "weighted_avg": {
        "precision": 0.7753777561469869,
        "recall": 0.7777777777777778,
        "f1-score": 0.7756662275310124,
        "support": 117
    },
    "micro_avg": {
        "precision": 0.7777777777777778,
        "recall": 0.7777777777777778,
        "f1-score": 0.7777777777777778
    }
}