{
    "high": {
        "precision": 0.5,
        "recall": 0.375,
        "f1-score": 0.42857142857142855,
        "support": 8
    },
    "low": {
        "precision": 0.7777777777777778,
        "recall": 0.813953488372093,
        "f1-score": 0.7954545454545455,
        "support": 43
    },
    "medium": {
        "precision": 0.6333333333333333,
        "recall": 0.7307692307692307,
        "f1-score": 0.6785714285714285,
        "support": 26
    },
    "normal": {
        "precision": 0.9444444444444444,
        "recall": 0.85,
        "f1-score": 0.8947368421052632,
        "support": 40
    },
    "accuracy": 0.7777777777777778,
    "macro_avg": {
        "precision": 0.7138888888888888,
        "recall": 0.692430679785331,
        "f1-score": 0.6993335611756665,
        "support": 117
    },
    "weighted_avg": {
        "precision": 0.7836657169990504,
        "recall": 0.7777777777777778,
        "f1-score": 0.7783371599161074,
        "support": 117
    },
    "micro_avg": {
        "precision": 0.7777777777777778,
        "recall": 0.7777777777777778,
        "f1-score": 0.7777777777777778
    }
}