{
    "high": {
        "precision": 0.6666666666666666,
        "recall": 0.6666666666666666,
        "f1-score": 0.6666666666666666,
        "support": 9
    },
    "low": {
        "precision": 0.9,
        "recall": 0.9557522123893806,
        "f1-score": 0.9270386266094421,
        "support": 113
    },
    "medium": {
        "precision": 0.9868421052631579,
        "recall": 0.9146341463414634,
        "f1-score": 0.949367088607595,
        "support": 164
    },
    "normal": {
        "precision": 0.9700598802395209,
        "recall": 1.0,
        "f1-score": 0.9848024316109423,
        "support": 162
    },
    "accuracy": 0.9508928571428571,
    "macro_avg": {
        "precision": 0.8808921630423363,
        "recall": 0.8842632563493776,
        "f1-score": 0.8819687033736615,
        "support": 448
    },
    "weighted_avg": {
        "precision": 0.9524370666561613,
        "recall": 0.9508928571428571,
        "f1-score": 0.9508695563827795,
        "support": 448
    },
    "micro_avg": {
        "precision": 0.9508928571428571,
        "recall": 0.9508928571428571,
        "f1-score": 0.9508928571428571
    }
}