{
    "high": {
        "precision": 0.5,
        "recall": 0.2222222222222222,
        "f1-score": 0.30769230769230765,
        "support": 9
    },
    "low": {
        "precision": 0.9298245614035088,
        "recall": 0.9380530973451328,
        "f1-score": 0.933920704845815,
        "support": 113
    },
    "medium": {
        "precision": 0.9457831325301205,
        "recall": 0.9573170731707317,
        "f1-score": 0.9515151515151515,
        "support": 164
    },
    "normal": {
        "precision": 0.9878048780487805,
        "recall": 1.0,
        "f1-score": 0.9938650306748467,
        "support": 162
    },
    "accuracy": 0.953125,
    "macro_avg": {
        "precision": 0.8408531429956024,
        "recall": 0.7793980981845217,
        "f1-score": 0.7967482986820302,
        "support": 448
    },
    "weighted_avg": {
        "precision": 0.9479977665567828,
        "recall": 0.953125,
        "f1-score": 0.9494573442737007,
        "support": 448
    },
    "micro_avg": {
        "precision": 0.953125,
        "recall": 0.953125,
        "f1-score": 0.953125
    }
}