{
    "high": {
        "precision": 0.5,
        "recall": 0.25,
        "f1-score": 0.3333333333333333,
        "support": 8
    },
    "low": {
        "precision": 0.7358490566037735,
        "recall": 0.9069767441860465,
        "f1-score": 0.8124999999999999,
        "support": 43
    },
    "medium": {
        "precision": 0.75,
        "recall": 0.5769230769230769,
        "f1-score": 0.6521739130434783,
        "support": 26
    },
    "normal": {
        "precision": 0.875,
        "recall": 0.875,
        "f1-score": 0.875,
        "support": 40
    },
    "accuracy": 0.7777777777777778,
    "macro_avg": {
        "precision": 0.7152122641509434,
        "recall": 0.6522249552772807,
        "f1-score": 0.6682518115942029,
        "support": 117
    },
    "weighted_avg": {
        "precision": 0.770440251572327,
        "recall": 0.7777777777777778,
        "f1-score": 0.765475969280317,
        "support": 117
    },
    "micro_avg": {
        "precision": 0.7777777777777778,
        "recall": 0.7777777777777778,
        "f1-score": 0.7777777777777778
    }
}