{
    "high": {
        "precision": 0.5,
        "recall": 0.6666666666666666,
        "f1-score": 0.5714285714285715,
        "support": 9
    },
    "low": {
        "precision": 0.9145299145299145,
        "recall": 0.9469026548672567,
        "f1-score": 0.9304347826086956,
        "support": 113
    },
    "medium": {
        "precision": 0.9805194805194806,
        "recall": 0.9207317073170732,
        "f1-score": 0.949685534591195,
        "support": 164
    },
    "normal": {
        "precision": 0.9818181818181818,
        "recall": 1.0,
        "f1-score": 0.9908256880733944,
        "support": 162
    },
    "accuracy": 0.9508928571428571,
    "macro_avg": {
        "precision": 0.8442168942168943,
        "recall": 0.8835752572127491,
        "f1-score": 0.8605936441754641,
        "support": 448
    },
    "weighted_avg": {
        "precision": 0.9546911174143318,
        "recall": 0.9508928571428571,
        "f1-score": 0.9521075373180484,
        "support": 448
    },
    "micro_avg": {
        "precision": 0.9508928571428571,
        "recall": 0.9508928571428571,
        "f1-score": 0.9508928571428571
    }
}