{
    "high": {
        "precision": 0.5,
        "recall": 0.25,
        "f1-score": 0.3333333333333333,
        "support": 8
    },
    "low": {
        "precision": 0.7222222222222222,
        "recall": 0.9069767441860465,
        "f1-score": 0.8041237113402061,
        "support": 43
    },
    "medium": {
        "precision": 0.7142857142857143,
        "recall": 0.5769230769230769,
        "f1-score": 0.6382978723404256,
        "support": 26
    },
    "normal": {
        "precision": 0.8947368421052632,
        "recall": 0.85,
        "f1-score": 0.8717948717948718,
        "support": 40
    },
    "accuracy": 0.7692307692307693,
    "macro_avg": {
        "precision": 0.7078111946533,
        "recall": 0.6459749552772808,
        "f1-score": 0.6618874472022092,
        "support": 117
    },
    "weighted_avg": {
        "precision": 0.7642432291555098,
        "recall": 0.7692307692307693,
        "f1-score": 0.758218169290098,
        "support": 117
    },
    "micro_avg": {
        "precision": 0.7692307692307693,
        "recall": 0.7692307692307693,
        "f1-score": 0.7692307692307693
    }
}