{
    "high": {
        "precision": 0.25,
        "recall": 0.125,
        "f1-score": 0.16666666666666666,
        "support": 8
    },
    "low": {
        "precision": 0.8888888888888888,
        "recall": 0.7441860465116279,
        "f1-score": 0.8101265822784809,
        "support": 43
    },
    "medium": {
        "precision": 0.72,
        "recall": 0.6923076923076923,
        "f1-score": 0.7058823529411765,
        "support": 26
    },
    "normal": {
        "precision": 0.7307692307692307,
        "recall": 0.95,
        "f1-score": 0.8260869565217392,
        "support": 40
    },
    "accuracy": 0.7606837606837606,
    "macro_avg": {
        "precision": 0.6474145299145299,
        "recall": 0.62787343470483,
        "f1-score": 0.6271906396020158,
        "support": 117
    },
    "weighted_avg": {
        "precision": 0.7536153115640295,
        "recall": 0.7606837606837606,
        "f1-score": 0.748420476996993,
        "support": 117
    },
    "micro_avg": {
        "precision": 0.7606837606837606,
        "recall": 0.7606837606837606,
        "f1-score": 0.7606837606837606
    }
}