{
    "high": {
        "precision": 0.6666666666666666,
        "recall": 0.5,
        "f1-score": 0.5714285714285715,
        "support": 8
    },
    "low": {
        "precision": 0.8085106382978723,
        "recall": 0.8837209302325582,
        "f1-score": 0.8444444444444444,
        "support": 43
    },
    "medium": {
        "precision": 0.6923076923076923,
        "recall": 0.6923076923076923,
        "f1-score": 0.6923076923076923,
        "support": 26
    },
    "normal": {
        "precision": 0.9473684210526315,
        "recall": 0.9,
        "f1-score": 0.9230769230769231,
        "support": 40
    },
    "accuracy": 0.8205128205128205,
    "macro_avg": {
        "precision": 0.7787133545812156,
        "recall": 0.7440071556350626,
        "f1-score": 0.7578144078144078,
        "support": 117
    },
    "weighted_avg": {
        "precision": 0.8204617745491205,
        "recall": 0.8205128205128205,
        "f1-score": 0.8188514239796291,
        "support": 117
    },
    "micro_avg": {
        "precision": 0.8205128205128205,
        "recall": 0.8205128205128205,
        "f1-score": 0.8205128205128205
    }
}