{
    "high": {
        "precision": 0.4444444444444444,
        "recall": 0.4444444444444444,
        "f1-score": 0.4444444444444444,
        "support": 9
    },
    "low": {
        "precision": 0.9292035398230089,
        "recall": 0.9292035398230089,
        "f1-score": 0.9292035398230089,
        "support": 113
    },
    "medium": {
        "precision": 0.9629629629629629,
        "recall": 0.9512195121951219,
        "f1-score": 0.9570552147239264,
        "support": 164
    },
    "normal": {
        "precision": 0.9878048780487805,
        "recall": 1.0,
        "f1-score": 0.9938650306748467,
        "support": 162
    },
    "accuracy": 0.953125,
    "macro_avg": {
        "precision": 0.8311039563197992,
        "recall": 0.8312168741156438,
        "f1-score": 0.8311420574165566,
        "support": 448
    },
    "weighted_avg": {
        "precision": 0.9530140985933669,
        "recall": 0.953125,
        "f1-score": 0.9530428352322524,
        "support": 448
    },
    "micro_avg": {
        "precision": 0.953125,
        "recall": 0.953125,
        "f1-score": 0.953125
    }
}