{
    "high": {
        "precision": 1.0,
        "recall": 0.2222222222222222,
        "f1-score": 0.3636363636363636,
        "support": 9
    },
    "low": {
        "precision": 0.9385964912280702,
        "recall": 0.9469026548672567,
        "f1-score": 0.9427312775330398,
        "support": 113
    },
    "medium": {
        "precision": 0.9401197604790419,
        "recall": 0.9573170731707317,
        "f1-score": 0.9486404833836858,
        "support": 164
    },
    "normal": {
        "precision": 0.9818181818181818,
        "recall": 1.0,
        "f1-score": 0.9908256880733944,
        "support": 162
    },
    "accuracy": 0.9553571428571429,
    "macro_avg": {
        "precision": 0.9651336083813234,
        "recall": 0.7816104875650527,
        "f1-score": 0.8114584531566209,
        "support": 448
    },
    "weighted_avg": {
        "precision": 0.956016941254197,
        "recall": 0.9553571428571429,
        "f1-score": 0.9506521481624445,
        "support": 448
    },
    "micro_avg": {
        "precision": 0.9553571428571429,
        "recall": 0.9553571428571429,
        "f1-score": 0.9553571428571429
    }
}