{
    "high": {
        "precision": 0.5,
        "recall": 0.25,
        "f1-score": 0.3333333333333333,
        "support": 8
    },
    "low": {
        "precision": 0.7692307692307693,
        "recall": 0.9302325581395349,
        "f1-score": 0.8421052631578948,
        "support": 43
    },
    "medium": {
        "precision": 0.75,
        "recall": 0.6923076923076923,
        "f1-score": 0.7199999999999999,
        "support": 26
    },
    "normal": {
        "precision": 0.9459459459459459,
        "recall": 0.875,
        "f1-score": 0.9090909090909091,
        "support": 40
    },
    "accuracy": 0.811965811965812,
    "macro_avg": {
        "precision": 0.7412941787941788,
        "recall": 0.6868850626118068,
        "f1-score": 0.7011323763955343,
        "support": 117
    },
    "weighted_avg": {
        "precision": 0.8069637685022301,
        "recall": 0.811965811965812,
        "f1-score": 0.803084011505064,
        "support": 117
    },
    "micro_avg": {
        "precision": 0.811965811965812,
        "recall": 0.811965811965812,
        "f1-score": 0.811965811965812
    }
}