{
    "high": {
        "precision": 0.6666666666666666,
        "recall": 0.2222222222222222,
        "f1-score": 0.3333333333333333,
        "support": 9
    },
    "low": {
        "precision": 0.9385964912280702,
        "recall": 0.9469026548672567,
        "f1-score": 0.9427312775330398,
        "support": 113
    },
    "medium": {
        "precision": 0.9390243902439024,
        "recall": 0.9390243902439024,
        "f1-score": 0.9390243902439024,
        "support": 164
    },
    "normal": {
        "precision": 0.9700598802395209,
        "recall": 1.0,
        "f1-score": 0.9848024316109423,
        "support": 162
    },
    "accuracy": 0.9486607142857143,
    "macro_avg": {
        "precision": 0.87858685709454,
        "recall": 0.7770373168333453,
        "f1-score": 0.7999728581803044,
        "support": 448
    },
    "weighted_avg": {
        "precision": 0.9446676430972641,
        "recall": 0.9486607142857143,
        "f1-score": 0.9443451524156387,
        "support": 448
    },
    "micro_avg": {
        "precision": 0.9486607142857143,
        "recall": 0.9486607142857143,
        "f1-score": 0.9486607142857143
    }
}