{
    "high": {
        "precision": 0.4166666666666667,
        "recall": 0.5555555555555556,
        "f1-score": 0.4761904761904762,
        "support": 9
    },
    "low": {
        "precision": 0.9245283018867925,
        "recall": 0.8672566371681416,
        "f1-score": 0.8949771689497716,
        "support": 113
    },
    "medium": {
        "precision": 0.950920245398773,
        "recall": 0.9451219512195121,
        "f1-score": 0.948012232415902,
        "support": 164
    },
    "normal": {
        "precision": 0.9700598802395209,
        "recall": 1.0,
        "f1-score": 0.9848024316109423,
        "support": 162
    },
    "accuracy": 0.9375,
    "macro_avg": {
        "precision": 0.8155437735479383,
        "recall": 0.8419835359858023,
        "f1-score": 0.8259955772917731,
        "support": 448
    },
    "weighted_avg": {
        "precision": 0.9404516048156444,
        "recall": 0.9375,
        "f1-score": 0.9384601214603104,
        "support": 448
    },
    "micro_avg": {
        "precision": 0.9375,
        "recall": 0.9375,
        "f1-score": 0.9375
    }
}