{
    "high": {
        "precision": 0.4,
        "recall": 0.6666666666666666,
        "f1-score": 0.5,
        "support": 9
    },
    "low": {
        "precision": 0.9279279279279279,
        "recall": 0.911504424778761,
        "f1-score": 0.9196428571428571,
        "support": 113
    },
    "medium": {
        "precision": 0.9808917197452229,
        "recall": 0.9390243902439024,
        "f1-score": 0.9595015576323987,
        "support": 164
    },
    "normal": {
        "precision": 0.9818181818181818,
        "recall": 1.0,
        "f1-score": 0.9908256880733944,
        "support": 162
    },
    "accuracy": 0.9486607142857143,
    "macro_avg": {
        "precision": 0.8226594573728332,
        "recall": 0.8792988704223326,
        "f1-score": 0.8424925257121626,
        "support": 448
    },
    "weighted_avg": {
        "precision": 0.9561978646174506,
        "recall": 0.9486607142857143,
        "f1-score": 0.9515438834302371,
        "support": 448
    },
    "micro_avg": {
        "precision": 0.9486607142857143,
        "recall": 0.9486607142857143,
        "f1-score": 0.9486607142857143
    }
}