{
    "high": {
        "precision": 1.0,
        "recall": 0.125,
        "f1-score": 0.2222222222222222,
        "support": 8
    },
    "low": {
        "precision": 0.9117647058823529,
        "recall": 0.7209302325581395,
        "f1-score": 0.8051948051948051,
        "support": 43
    },
    "medium": {
        "precision": 0.55,
        "recall": 0.8461538461538461,
        "f1-score": 0.6666666666666667,
        "support": 26
    },
    "normal": {
        "precision": 0.8571428571428571,
        "recall": 0.9,
        "f1-score": 0.8780487804878048,
        "support": 40
    },
    "accuracy": 0.7692307692307693,
    "macro_avg": {
        "precision": 0.8297268907563026,
        "recall": 0.6480210196779964,
        "f1-score": 0.6430331186428747,
        "support": 117
    },
    "weighted_avg": {
        "precision": 0.8187315952021833,
        "recall": 0.7692307692307693,
        "f1-score": 0.7594567431965805,
        "support": 117
    },
    "micro_avg": {
        "precision": 0.7692307692307693,
        "recall": 0.7692307692307693,
        "f1-score": 0.7692307692307693
    }
}