{
    "high": {
        "precision": 0.4,
        "recall": 0.6666666666666666,
        "f1-score": 0.5,
        "support": 9
    },
    "low": {
        "precision": 0.9259259259259259,
        "recall": 0.8849557522123894,
        "f1-score": 0.9049773755656108,
        "support": 113
    },
    "medium": {
        "precision": 0.9685534591194969,
        "recall": 0.9390243902439024,
        "f1-score": 0.9535603715170279,
        "support": 164
    },
    "normal": {
        "precision": 0.9698795180722891,
        "recall": 0.9938271604938271,
        "f1-score": 0.9817073170731707,
        "support": 162
    },
    "accuracy": 0.9397321428571429,
    "macro_avg": {
        "precision": 0.8160897257794281,
        "recall": 0.8711184924041964,
        "f1-score": 0.8350612660389523,
        "support": 448
    },
    "weighted_avg": {
        "precision": 0.9468591045824508,
        "recall": 0.9397321428571429,
        "f1-score": 0.9423726110124113,
        "support": 448
    },
    "micro_avg": {
        "precision": 0.9397321428571429,
        "recall": 0.9397321428571429,
        "f1-score": 0.9397321428571429
    }
}