{
    "high": {
        "precision": 0.3333333333333333,
        "recall": 0.6666666666666666,
        "f1-score": 0.4444444444444444,
        "support": 9
    },
    "low": {
        "precision": 0.9528301886792453,
        "recall": 0.8938053097345132,
        "f1-score": 0.9223744292237442,
        "support": 113
    },
    "medium": {
        "precision": 0.9554140127388535,
        "recall": 0.9146341463414634,
        "f1-score": 0.9345794392523364,
        "support": 164
    },
    "normal": {
        "precision": 0.9700598802395209,
        "recall": 1.0,
        "f1-score": 0.9848024316109423,
        "support": 162
    },
    "accuracy": 0.9352678571428571,
    "macro_avg": {
        "precision": 0.8029093537477382,
        "recall": 0.8687765306856609,
        "f1-score": 0.8215501861328669,
        "support": 448
    },
    "weighted_avg": {
        "precision": 0.9475611830551988,
        "recall": 0.9352678571428571,
        "f1-score": 0.9398154742424977,
        "support": 448
    },
    "micro_avg": {
        "precision": 0.9352678571428571,
        "recall": 0.9352678571428571,
        "f1-score": 0.9352678571428571
    }
}