{
    "high": {
        "precision": 0.5555555555555556,
        "recall": 0.5555555555555556,
        "f1-score": 0.5555555555555556,
        "support": 9
    },
    "low": {
        "precision": 0.9272727272727272,
        "recall": 0.9026548672566371,
        "f1-score": 0.9147982062780269,
        "support": 113
    },
    "medium": {
        "precision": 0.9451219512195121,
        "recall": 0.9451219512195121,
        "f1-score": 0.945121951219512,
        "support": 164
    },
    "normal": {
        "precision": 0.9818181818181818,
        "recall": 1.0,
        "f1-score": 0.9908256880733944,
        "support": 162
    },
    "accuracy": 0.9464285714285714,
    "macro_avg": {
        "precision": 0.8524421039664942,
        "recall": 0.8508330935079262,
        "f1-score": 0.8515753502816222,
        "support": 448
    },
    "weighted_avg": {
        "precision": 0.9460633116883116,
        "recall": 0.9464285714285714,
        "f1-score": 0.9461740151279171,
        "support": 448
    },
    "micro_avg": {
        "precision": 0.9464285714285714,
        "recall": 0.9464285714285714,
        "f1-score": 0.9464285714285714
    }
}