{
    "high": {
        "precision": 0.42857142857142855,
        "recall": 0.375,
        "f1-score": 0.39999999999999997,
        "support": 8
    },
    "low": {
        "precision": 0.8536585365853658,
        "recall": 0.813953488372093,
        "f1-score": 0.8333333333333333,
        "support": 43
    },
    "medium": {
        "precision": 0.7727272727272727,
        "recall": 0.6538461538461539,
        "f1-score": 0.7083333333333333,
        "support": 26
    },
    "normal": {
        "precision": 0.8297872340425532,
        "recall": 0.975,
        "f1-score": 0.896551724137931,
        "support": 40
    },
    "accuracy": 0.8034188034188035,
    "macro_avg": {
        "precision": 0.721186117981655,
        "recall": 0.7044499105545617,
        "f1-score": 0.7095545977011494,
        "support": 117
    },
    "weighted_avg": {
        "precision": 0.7984468970457553,
        "recall": 0.8034188034188035,
        "f1-score": 0.7975390509873267,
        "support": 117
    },
    "micro_avg": {
        "precision": 0.8034188034188035,
        "recall": 0.8034188034188035,
        "f1-score": 0.8034188034188035
    }
}