{
    "high": {
        "precision": 0.6,
        "recall": 0.375,
        "f1-score": 0.4615384615384615,
        "support": 8
    },
    "low": {
        "precision": 0.7916666666666666,
        "recall": 0.8837209302325582,
        "f1-score": 0.8351648351648352,
        "support": 43
    },
    "medium": {
        "precision": 0.85,
        "recall": 0.6538461538461539,
        "f1-score": 0.7391304347826088,
        "support": 26
    },
    "normal": {
        "precision": 0.8409090909090909,
        "recall": 0.925,
        "f1-score": 0.8809523809523809,
        "support": 40
    },
    "accuracy": 0.811965811965812,
    "macro_avg": {
        "precision": 0.7706439393939394,
        "recall": 0.709391771019678,
        "f1-score": 0.7291965281095716,
        "support": 117
    },
    "weighted_avg": {
        "precision": 0.8083592333592333,
        "recall": 0.811965811965812,
        "f1-score": 0.8039306166396468,
        "support": 117
    },
    "micro_avg": {
        "precision": 0.811965811965812,
        "recall": 0.811965811965812,
        "f1-score": 0.811965811965812
    }
}