{
    "high": {
        "precision": 0.8,
        "recall": 0.4444444444444444,
        "f1-score": 0.5714285714285714,
        "support": 9
    },
    "low": {
        "precision": 0.9363636363636364,
        "recall": 0.911504424778761,
        "f1-score": 0.9237668161434978,
        "support": 113
    },
    "medium": {
        "precision": 0.9454545454545454,
        "recall": 0.9512195121951219,
        "f1-score": 0.9483282674772037,
        "support": 164
    },
    "normal": {
        "precision": 0.9642857142857143,
        "recall": 1.0,
        "f1-score": 0.9818181818181818,
        "support": 162
    },
    "accuracy": 0.9486607142857143,
    "macro_avg": {
        "precision": 0.911525974025974,
        "recall": 0.8267920953545819,
        "f1-score": 0.8563354592168637,
        "support": 448
    },
    "weighted_avg": {
        "precision": 0.9470489332096476,
        "recall": 0.9486607142857143,
        "f1-score": 0.9466716265354448,
        "support": 448
    },
    "micro_avg": {
        "precision": 0.9486607142857143,
        "recall": 0.9486607142857143,
        "f1-score": 0.9486607142857143
    }
}