{
    "high": {
        "precision": 0.6,
        "recall": 0.375,
        "f1-score": 0.4615384615384615,
        "support": 8
    },
    "low": {
        "precision": 0.76,
        "recall": 0.8837209302325582,
        "f1-score": 0.8172043010752689,
        "support": 43
    },
    "medium": {
        "precision": 0.85,
        "recall": 0.6538461538461539,
        "f1-score": 0.7391304347826088,
        "support": 26
    },
    "normal": {
        "precision": 0.8571428571428571,
        "recall": 0.9,
        "f1-score": 0.8780487804878048,
        "support": 40
    },
    "accuracy": 0.8034188034188035,
    "macro_avg": {
        "precision": 0.7667857142857143,
        "recall": 0.703141771019678,
        "f1-score": 0.723980494471036,
        "support": 117
    },
    "weighted_avg": {
        "precision": 0.8022710622710623,
        "recall": 0.8034188034188035,
        "f1-score": 0.7963370526701219,
        "support": 117
    },
    "micro_avg": {
        "precision": 0.8034188034188035,
        "recall": 0.8034188034188035,
        "f1-score": 0.8034188034188035
    }
}