{
    "high": {
        "precision": 0.0,
        "recall": 0.0,
        "f1-score": 0.0,
        "support": 8
    },
    "low": {
        "precision": 0.7358490566037735,
        "recall": 0.9069767441860465,
        "f1-score": 0.8124999999999999,
        "support": 43
    },
    "medium": {
        "precision": 0.6923076923076923,
        "recall": 0.6923076923076923,
        "f1-score": 0.6923076923076923,
        "support": 26
    },
    "normal": {
        "precision": 0.8947368421052632,
        "recall": 0.85,
        "f1-score": 0.8717948717948718,
        "support": 40
    },
    "accuracy": 0.7777777777777778,
    "macro_avg": {
        "precision": 0.5807233977541822,
        "recall": 0.6123211091234347,
        "f1-score": 0.594150641025641,
        "support": 117
    },
    "weighted_avg": {
        "precision": 0.7301793428903657,
        "recall": 0.7777777777777778,
        "f1-score": 0.7505067937760245,
        "support": 117
    },
    "micro_avg": {
        "precision": 0.7777777777777778,
        "recall": 0.7777777777777778,
        "f1-score": 0.7777777777777778
    }
}