{
    "high": {
        "precision": 0.3333333333333333,
        "recall": 0.25,
        "f1-score": 0.28571428571428575,
        "support": 8
    },
    "low": {
        "precision": 0.7872340425531915,
        "recall": 0.8604651162790697,
        "f1-score": 0.8222222222222222,
        "support": 43
    },
    "medium": {
        "precision": 0.75,
        "recall": 0.6923076923076923,
        "f1-score": 0.7199999999999999,
        "support": 26
    },
    "normal": {
        "precision": 0.9,
        "recall": 0.9,
        "f1-score": 0.9,
        "support": 40
    },
    "accuracy": 0.7948717948717948,
    "macro_avg": {
        "precision": 0.6926418439716312,
        "recall": 0.6756932021466905,
        "f1-score": 0.6819841269841269,
        "support": 117
    },
    "weighted_avg": {
        "precision": 0.7864763290295206,
        "recall": 0.7948717948717948,
        "f1-score": 0.789412562745896,
        "support": 117
    },
    "micro_avg": {
        "precision": 0.7948717948717948,
        "recall": 0.7948717948717948,
        "f1-score": 0.7948717948717948
    }
}