{
    "high": {
        "precision": 0.42857142857142855,
        "recall": 0.375,
        "f1-score": 0.39999999999999997,
        "support": 8
    },
    "low": {
        "precision": 0.8048780487804879,
        "recall": 0.7674418604651163,
        "f1-score": 0.7857142857142858,
        "support": 43
    },
    "medium": {
        "precision": 0.5588235294117647,
        "recall": 0.7307692307692307,
        "f1-score": 0.6333333333333334,
        "support": 26
    },
    "normal": {
        "precision": 0.9714285714285714,
        "recall": 0.85,
        "f1-score": 0.9066666666666667,
        "support": 40
    },
    "accuracy": 0.7606837606837606,
    "macro_avg": {
        "precision": 0.6909253945480631,
        "recall": 0.6808027728085868,
        "f1-score": 0.6814285714285715,
        "support": 117
    },
    "weighted_avg": {
        "precision": 0.781409249128044,
        "recall": 0.7606837606837606,
        "f1-score": 0.766829466829467,
        "support": 117
    },
    "micro_avg": {
        "precision": 0.7606837606837606,
        "recall": 0.7606837606837606,
        "f1-score": 0.7606837606837606
    }
}