{
    "high": {
        "precision": 0.6,
        "recall": 0.3333333333333333,
        "f1-score": 0.42857142857142855,
        "support": 9
    },
    "low": {
        "precision": 0.9130434782608695,
        "recall": 0.9292035398230089,
        "f1-score": 0.9210526315789473,
        "support": 113
    },
    "medium": {
        "precision": 0.9570552147239264,
        "recall": 0.9512195121951219,
        "f1-score": 0.9541284403669725,
        "support": 164
    },
    "normal": {
        "precision": 0.9818181818181818,
        "recall": 1.0,
        "f1-score": 0.9908256880733944,
        "support": 162
    },
    "accuracy": 0.9508928571428571,
    "macro_avg": {
        "precision": 0.8629792187007445,
        "recall": 0.803439096337866,
        "f1-score": 0.8236445471476858,
        "support": 448
    },
    "weighted_avg": {
        "precision": 0.9477355216802402,
        "recall": 0.9508928571428571,
        "f1-score": 0.948497580164369,
        "support": 448
    },
    "micro_avg": {
        "precision": 0.9508928571428571,
        "recall": 0.9508928571428571,
        "f1-score": 0.9508928571428571
    }
}