{
    "high": {
        "precision": 0.38461538461538464,
        "recall": 0.5555555555555556,
        "f1-score": 0.4545454545454546,
        "support": 9
    },
    "low": {
        "precision": 0.9181818181818182,
        "recall": 0.8938053097345132,
        "f1-score": 0.9058295964125559,
        "support": 113
    },
    "medium": {
        "precision": 0.9685534591194969,
        "recall": 0.9390243902439024,
        "f1-score": 0.9535603715170279,
        "support": 164
    },
    "normal": {
        "precision": 0.9698795180722891,
        "recall": 0.9938271604938271,
        "f1-score": 0.9817073170731707,
        "support": 162
    },
    "accuracy": 0.9397321428571429,
    "macro_avg": {
        "precision": 0.8103075449972472,
        "recall": 0.8455531040069496,
        "f1-score": 0.8239106848870523,
        "support": 448
    },
    "weighted_avg": {
        "precision": 0.944596725757572,
        "recall": 0.9397321428571429,
        "f1-score": 0.9416744191521743,
        "support": 448
    },
    "micro_avg": {
        "precision": 0.9397321428571429,
        "recall": 0.9397321428571429,
        "f1-score": 0.9397321428571429
    }
}