{
    "high": {
        "precision": 0.4,
        "recall": 0.6666666666666666,
        "f1-score": 0.5,
        "support": 9
    },
    "low": {
        "precision": 0.9532710280373832,
        "recall": 0.9026548672566371,
        "f1-score": 0.9272727272727272,
        "support": 113
    },
    "medium": {
        "precision": 0.9565217391304348,
        "recall": 0.9390243902439024,
        "f1-score": 0.9476923076923077,
        "support": 164
    },
    "normal": {
        "precision": 0.9818181818181818,
        "recall": 1.0,
        "f1-score": 0.9908256880733944,
        "support": 162
    },
    "accuracy": 0.9464285714285714,
    "macro_avg": {
        "precision": 0.8229027372465,
        "recall": 0.8770864810418015,
        "f1-score": 0.8414476807596073,
        "support": 448
    },
    "weighted_avg": {
        "precision": 0.953669055446788,
        "recall": 0.9464285714285714,
        "f1-score": 0.9491453529268897,
        "support": 448
    },
    "micro_avg": {
        "precision": 0.9464285714285714,
        "recall": 0.9464285714285714,
        "f1-score": 0.9464285714285714
    }
}