{
    "high": {
        "precision": 0.75,
        "recall": 0.6666666666666666,
        "f1-score": 0.7058823529411765,
        "support": 9
    },
    "low": {
        "precision": 0.9523809523809523,
        "recall": 0.8849557522123894,
        "f1-score": 0.9174311926605505,
        "support": 113
    },
    "medium": {
        "precision": 0.9345238095238095,
        "recall": 0.9573170731707317,
        "f1-score": 0.9457831325301205,
        "support": 164
    },
    "normal": {
        "precision": 0.9700598802395209,
        "recall": 1.0,
        "f1-score": 0.9848024316109423,
        "support": 162
    },
    "accuracy": 0.9486607142857143,
    "macro_avg": {
        "precision": 0.9017411605360707,
        "recall": 0.8772348730124468,
        "f1-score": 0.8884747774356975,
        "support": 448
    },
    "weighted_avg": {
        "precision": 0.9481711004012382,
        "recall": 0.9486607142857143,
        "f1-score": 0.9479220839353241,
        "support": 448
    },
    "micro_avg": {
        "precision": 0.9486607142857143,
        "recall": 0.9486607142857143,
        "f1-score": 0.9486607142857143
    }
}