{
    "high": {
        "precision": 0.42857142857142855,
        "recall": 0.6666666666666666,
        "f1-score": 0.5217391304347826,
        "support": 9
    },
    "low": {
        "precision": 0.9252336448598131,
        "recall": 0.8761061946902655,
        "f1-score": 0.9,
        "support": 113
    },
    "medium": {
        "precision": 0.9685534591194969,
        "recall": 0.9390243902439024,
        "f1-score": 0.9535603715170279,
        "support": 164
    },
    "normal": {
        "precision": 0.9583333333333334,
        "recall": 0.9938271604938271,
        "f1-score": 0.9757575757575757,
        "support": 162
    },
    "accuracy": 0.9375,
    "macro_avg": {
        "precision": 0.820172966471018,
        "recall": 0.8689061030236654,
        "f1-score": 0.8377642694273465,
        "support": 448
    },
    "weighted_avg": {
        "precision": 0.943083285763168,
        "recall": 0.9375,
        "f1-score": 0.9394024115523055,
        "support": 448
    },
    "micro_avg": {
        "precision": 0.9375,
        "recall": 0.9375,
        "f1-score": 0.9375
    }
}