{
    "high": {
        "precision": 0.46153846153846156,
        "recall": 0.6666666666666666,
        "f1-score": 0.5454545454545455,
        "support": 9
    },
    "low": {
        "precision": 0.9035087719298246,
        "recall": 0.911504424778761,
        "f1-score": 0.9074889867841409,
        "support": 113
    },
    "medium": {
        "precision": 0.9806451612903225,
        "recall": 0.926829268292683,
        "f1-score": 0.9529780564263324,
        "support": 164
    },
    "normal": {
        "precision": 0.9759036144578314,
        "recall": 1.0,
        "f1-score": 0.9878048780487805,
        "support": 162
    },
    "accuracy": 0.9441964285714286,
    "macro_avg": {
        "precision": 0.83039900230411,
        "recall": 0.8762500899345277,
        "f1-score": 0.8484316166784498,
        "support": 448
    },
    "weighted_avg": {
        "precision": 0.9490458244993256,
        "recall": 0.9441964285714286,
        "f1-score": 0.9459110221283924,
        "support": 448
    },
    "micro_avg": {
        "precision": 0.9441964285714286,
        "recall": 0.9441964285714286,
        "f1-score": 0.9441964285714286
    }
}