{
    "high": {
        "precision": 0.4444444444444444,
        "recall": 0.4444444444444444,
        "f1-score": 0.4444444444444444,
        "support": 9
    },
    "low": {
        "precision": 0.9375,
        "recall": 0.9292035398230089,
        "f1-score": 0.9333333333333333,
        "support": 113
    },
    "medium": {
        "precision": 0.9627329192546584,
        "recall": 0.9451219512195121,
        "f1-score": 0.9538461538461539,
        "support": 164
    },
    "normal": {
        "precision": 0.9759036144578314,
        "recall": 1.0,
        "f1-score": 0.9878048780487805,
        "support": 162
    },
    "accuracy": 0.9508928571428571,
    "macro_avg": {
        "precision": 0.8301452445392336,
        "recall": 0.8296924838717414,
        "f1-score": 0.8298572024181781,
        "support": 448
    },
    "weighted_avg": {
        "precision": 0.9507189381694925,
        "recall": 0.9508928571428571,
        "f1-score": 0.9507183619226302,
        "support": 448
    },
    "micro_avg": {
        "precision": 0.9508928571428571,
        "recall": 0.9508928571428571,
        "f1-score": 0.9508928571428571
    }
}