{
    "high": {
        "precision": 0.4,
        "recall": 0.25,
        "f1-score": 0.3076923076923077,
        "support": 8
    },
    "low": {
        "precision": 0.8947368421052632,
        "recall": 0.7906976744186046,
        "f1-score": 0.8395061728395061,
        "support": 43
    },
    "medium": {
        "precision": 0.6551724137931034,
        "recall": 0.7307692307692307,
        "f1-score": 0.6909090909090909,
        "support": 26
    },
    "normal": {
        "precision": 0.8444444444444444,
        "recall": 0.95,
        "f1-score": 0.8941176470588236,
        "support": 40
    },
    "accuracy": 0.7948717948717948,
    "macro_avg": {
        "precision": 0.6985884250857027,
        "recall": 0.6803667262969588,
        "f1-score": 0.683056304624932,
        "support": 117
    },
    "weighted_avg": {
        "precision": 0.7904781602301264,
        "recall": 0.7948717948717948,
        "f1-score": 0.7887918473472354,
        "support": 117
    },
    "micro_avg": {
        "precision": 0.7948717948717948,
        "recall": 0.7948717948717948,
        "f1-score": 0.7948717948717948
    }
}