{
    "high": {
        "precision": 0.3333333333333333,
        "recall": 0.125,
        "f1-score": 0.18181818181818182,
        "support": 8
    },
    "low": {
        "precision": 0.875,
        "recall": 0.813953488372093,
        "f1-score": 0.8433734939759036,
        "support": 43
    },
    "medium": {
        "precision": 0.6551724137931034,
        "recall": 0.7307692307692307,
        "f1-score": 0.6909090909090909,
        "support": 26
    },
    "normal": {
        "precision": 0.8222222222222222,
        "recall": 0.925,
        "f1-score": 0.8705882352941177,
        "support": 40
    },
    "accuracy": 0.7863247863247863,
    "macro_avg": {
        "precision": 0.6714319923371648,
        "recall": 0.648680679785331,
        "f1-score": 0.6466722504993234,
        "support": 117
    },
    "weighted_avg": {
        "precision": 0.7710687035399678,
        "recall": 0.7863247863247863,
        "f1-score": 0.7735621493240203,
        "support": 117
    },
    "micro_avg": {
        "precision": 0.7863247863247863,
        "recall": 0.7863247863247863,
        "f1-score": 0.7863247863247863
    }
}