{
    "high": {
        "precision": 0.5,
        "recall": 0.4444444444444444,
        "f1-score": 0.47058823529411764,
        "support": 9
    },
    "low": {
        "precision": 0.9375,
        "recall": 0.9292035398230089,
        "f1-score": 0.9333333333333333,
        "support": 113
    },
    "medium": {
        "precision": 0.9631901840490797,
        "recall": 0.9573170731707317,
        "f1-score": 0.9602446483180427,
        "support": 164
    },
    "normal": {
        "precision": 0.9818181818181818,
        "recall": 1.0,
        "f1-score": 0.9908256880733944,
        "support": 162
    },
    "accuracy": 0.9553571428571429,
    "macro_avg": {
        "precision": 0.8456270914668155,
        "recall": 0.8327412643595462,
        "f1-score": 0.838747976254722,
        "support": 448
    },
    "weighted_avg": {
        "precision": 0.9541411509790055,
        "recall": 0.9553571428571429,
        "f1-score": 0.9546782245008095,
        "support": 448
    },
    "micro_avg": {
        "precision": 0.9553571428571429,
        "recall": 0.9553571428571429,
        "f1-score": 0.9553571428571429
    }
}