{
    "high": {
        "precision": 0.6,
        "recall": 0.375,
        "f1-score": 0.4615384615384615,
        "support": 8
    },
    "low": {
        "precision": 0.8333333333333334,
        "recall": 0.813953488372093,
        "f1-score": 0.8235294117647058,
        "support": 43
    },
    "medium": {
        "precision": 0.6785714285714286,
        "recall": 0.7307692307692307,
        "f1-score": 0.7037037037037038,
        "support": 26
    },
    "normal": {
        "precision": 0.8809523809523809,
        "recall": 0.925,
        "f1-score": 0.9024390243902439,
        "support": 40
    },
    "accuracy": 0.8034188034188035,
    "macro_avg": {
        "precision": 0.7482142857142857,
        "recall": 0.7111806797853311,
        "f1-score": 0.7228026503492787,
        "support": 117
    },
    "weighted_avg": {
        "precision": 0.7992673992673993,
        "recall": 0.8034188034188035,
        "f1-score": 0.7991276040179155,
        "support": 117
    },
    "micro_avg": {
        "precision": 0.8034188034188035,
        "recall": 0.8034188034188035,
        "f1-score": 0.8034188034188035
    }
}