{
    "high": {
        "precision": 0.6666666666666666,
        "recall": 0.4444444444444444,
        "f1-score": 0.5333333333333333,
        "support": 9
    },
    "low": {
        "precision": 0.9272727272727272,
        "recall": 0.9026548672566371,
        "f1-score": 0.9147982062780269,
        "support": 113
    },
    "medium": {
        "precision": 0.9281437125748503,
        "recall": 0.9451219512195121,
        "f1-score": 0.9365558912386707,
        "support": 164
    },
    "normal": {
        "precision": 0.9818181818181818,
        "recall": 1.0,
        "f1-score": 0.9908256880733944,
        "support": 162
    },
    "accuracy": 0.9441964285714286,
    "macro_avg": {
        "precision": 0.8759753220831065,
        "recall": 0.8230553157301483,
        "f1-score": 0.8438782797308563,
        "support": 448
    },
    "weighted_avg": {
        "precision": 0.9420802064701767,
        "recall": 0.9441964285714286,
        "f1-score": 0.9425917967420734,
        "support": 448
    },
    "micro_avg": {
        "precision": 0.9441964285714286,
        "recall": 0.9441964285714286,
        "f1-score": 0.9441964285714286
    }
}