{
    "high": {
        "precision": 0.4166666666666667,
        "recall": 0.5555555555555556,
        "f1-score": 0.4761904761904762,
        "support": 9
    },
    "low": {
        "precision": 0.9369369369369369,
        "recall": 0.9203539823008849,
        "f1-score": 0.9285714285714286,
        "support": 113
    },
    "medium": {
        "precision": 0.9811320754716981,
        "recall": 0.9512195121951219,
        "f1-score": 0.9659442724458204,
        "support": 164
    },
    "normal": {
        "precision": 0.9759036144578314,
        "recall": 1.0,
        "f1-score": 0.9878048780487805,
        "support": 162
    },
    "accuracy": 0.953125,
    "macro_avg": {
        "precision": 0.8276598233832834,
        "recall": 0.8567822625128906,
        "f1-score": 0.8396277638141264,
        "support": 448
    },
    "weighted_avg": {
        "precision": 0.9567542852531273,
        "recall": 0.953125,
        "f1-score": 0.9545837871413008,
        "support": 448
    },
    "micro_avg": {
        "precision": 0.953125,
        "recall": 0.953125,
        "f1-score": 0.953125
    }
}