{
    "high": {
        "precision": 0.625,
        "recall": 0.5555555555555556,
        "f1-score": 0.5882352941176471,
        "support": 9
    },
    "low": {
        "precision": 0.9375,
        "recall": 0.9292035398230089,
        "f1-score": 0.9333333333333333,
        "support": 113
    },
    "medium": {
        "precision": 0.950920245398773,
        "recall": 0.9451219512195121,
        "f1-score": 0.948012232415902,
        "support": 164
    },
    "normal": {
        "precision": 0.9818181818181818,
        "recall": 1.0,
        "f1-score": 0.9908256880733944,
        "support": 162
    },
    "accuracy": 0.953125,
    "macro_avg": {
        "precision": 0.8738096068042387,
        "recall": 0.8574702616495191,
        "f1-score": 0.8651016369850691,
        "support": 448
    },
    "weighted_avg": {
        "precision": 0.9521606377230898,
        "recall": 0.953125,
        "f1-score": 0.9525637319147842,
        "support": 448
    },
    "micro_avg": {
        "precision": 0.953125,
        "recall": 0.953125,
        "f1-score": 0.953125
    }
}