{
    "high": {
        "precision": 0.46153846153846156,
        "recall": 0.6666666666666666,
        "f1-score": 0.5454545454545455,
        "support": 9
    },
    "low": {
        "precision": 0.918918918918919,
        "recall": 0.9026548672566371,
        "f1-score": 0.9107142857142857,
        "support": 113
    },
    "medium": {
        "precision": 0.9622641509433962,
        "recall": 0.9329268292682927,
        "f1-score": 0.9473684210526315,
        "support": 164
    },
    "normal": {
        "precision": 0.9818181818181818,
        "recall": 1.0,
        "f1-score": 0.9908256880733944,
        "support": 162
    },
    "accuracy": 0.9441964285714286,
    "macro_avg": {
        "precision": 0.8311349283047397,
        "recall": 0.8755620907978992,
        "f1-score": 0.8485907350737143,
        "support": 448
    },
    "weighted_avg": {
        "precision": 0.9483427459842554,
        "recall": 0.9441964285714286,
        "f1-score": 0.9457633654359971,
        "support": 448
    },
    "micro_avg": {
        "precision": 0.9441964285714286,
        "recall": 0.9441964285714286,
        "f1-score": 0.9441964285714286
    }
}