{
    "high": {
        "precision": 0.42105263157894735,
        "recall": 0.8888888888888888,
        "f1-score": 0.5714285714285714,
        "support": 9
    },
    "low": {
        "precision": 0.926605504587156,
        "recall": 0.8938053097345132,
        "f1-score": 0.9099099099099099,
        "support": 113
    },
    "medium": {
        "precision": 0.9806451612903225,
        "recall": 0.926829268292683,
        "f1-score": 0.9529780564263324,
        "support": 164
    },
    "normal": {
        "precision": 0.9818181818181818,
        "recall": 1.0,
        "f1-score": 0.9908256880733944,
        "support": 162
    },
    "accuracy": 0.9441964285714286,
    "macro_avg": {
        "precision": 0.8275303698186519,
        "recall": 0.9273808667290212,
        "f1-score": 0.8562855564595521,
        "support": 448
    },
    "weighted_avg": {
        "precision": 0.9561969812694587,
        "recall": 0.9441964285714286,
        "f1-score": 0.9481358028671549,
        "support": 448
    },
    "micro_avg": {
        "precision": 0.9441964285714286,
        "recall": 0.9441964285714286,
        "f1-score": 0.9441964285714286
    }
}