{
    "high": {
        "precision": 0.4166666666666667,
        "recall": 0.5555555555555556,
        "f1-score": 0.4761904761904762,
        "support": 9
    },
    "low": {
        "precision": 0.9152542372881356,
        "recall": 0.9557522123893806,
        "f1-score": 0.9350649350649352,
        "support": 113
    },
    "medium": {
        "precision": 0.9869281045751634,
        "recall": 0.9207317073170732,
        "f1-score": 0.9526813880126183,
        "support": 164
    },
    "normal": {
        "precision": 0.9818181818181818,
        "recall": 1.0,
        "f1-score": 0.9908256880733944,
        "support": 162
    },
    "accuracy": 0.9508928571428571,
    "macro_avg": {
        "precision": 0.8251667975870369,
        "recall": 0.8580098688155023,
        "f1-score": 0.838690621835356,
        "support": 448
    },
    "weighted_avg": {
        "precision": 0.955545721916142,
        "recall": 0.9508928571428571,
        "f1-score": 0.9524588416294895,
        "support": 448
    },
    "micro_avg": {
        "precision": 0.9508928571428571,
        "recall": 0.9508928571428571,
        "f1-score": 0.9508928571428571
    }
}