{
    "high": {
        "precision": 0.5,
        "recall": 0.375,
        "f1-score": 0.42857142857142855,
        "support": 8
    },
    "low": {
        "precision": 0.7948717948717948,
        "recall": 0.7209302325581395,
        "f1-score": 0.7560975609756098,
        "support": 43
    },
    "medium": {
        "precision": 0.5294117647058824,
        "recall": 0.6923076923076923,
        "f1-score": 0.5999999999999999,
        "support": 26
    },
    "normal": {
        "precision": 0.9210526315789473,
        "recall": 0.875,
        "f1-score": 0.8974358974358975,
        "support": 40
    },
    "accuracy": 0.7435897435897436,
    "macro_avg": {
        "precision": 0.6863340477891561,
        "recall": 0.6658094812164579,
        "f1-score": 0.670526221745734,
        "support": 117
    },
    "weighted_avg": {
        "precision": 0.7588572506410085,
        "recall": 0.7435897435897436,
        "f1-score": 0.7473350636577654,
        "support": 117
    },
    "micro_avg": {
        "precision": 0.7435897435897436,
        "recall": 0.7435897435897436,
        "f1-score": 0.7435897435897437
    }
}