{
    "high": {
        "precision": 1.0,
        "recall": 0.25,
        "f1-score": 0.4,
        "support": 8
    },
    "low": {
        "precision": 0.8085106382978723,
        "recall": 0.8837209302325582,
        "f1-score": 0.8444444444444444,
        "support": 43
    },
    "medium": {
        "precision": 0.8260869565217391,
        "recall": 0.7307692307692307,
        "f1-score": 0.7755102040816326,
        "support": 26
    },
    "normal": {
        "precision": 0.8444444444444444,
        "recall": 0.95,
        "f1-score": 0.8941176470588236,
        "support": 40
    },
    "accuracy": 0.8290598290598291,
    "macro_avg": {
        "precision": 0.869760509816014,
        "recall": 0.7036225402504472,
        "f1-score": 0.7285180738962251,
        "support": 117
    },
    "weighted_avg": {
        "precision": 0.8377948384115512,
        "recall": 0.8290598290598291,
        "f1-score": 0.8157186521332179,
        "support": 117
    },
    "micro_avg": {
        "precision": 0.8290598290598291,
        "recall": 0.8290598290598291,
        "f1-score": 0.8290598290598291
    }
}