{
    "high": {
        "precision": 0.4166666666666667,
        "recall": 0.5555555555555556,
        "f1-score": 0.4761904761904762,
        "support": 9
    },
    "low": {
        "precision": 0.9122807017543859,
        "recall": 0.9203539823008849,
        "f1-score": 0.9162995594713657,
        "support": 113
    },
    "medium": {
        "precision": 0.9806451612903225,
        "recall": 0.926829268292683,
        "f1-score": 0.9529780564263324,
        "support": 164
    },
    "normal": {
        "precision": 0.9640718562874252,
        "recall": 0.9938271604938271,
        "f1-score": 0.9787234042553192,
        "support": 162
    },
    "accuracy": 0.9419642857142857,
    "macro_avg": {
        "precision": 0.8184160964997,
        "recall": 0.8491414916607376,
        "f1-score": 0.8310478740858733,
        "support": 448
    },
    "weighted_avg": {
        "precision": 0.9460784965812977,
        "recall": 0.9419642857142857,
        "f1-score": 0.9434579402885241,
        "support": 448
    },
    "micro_avg": {
        "precision": 0.9419642857142857,
        "recall": 0.9419642857142857,
        "f1-score": 0.9419642857142857
    }
}