{
    "high": {
        "precision": 0.5,
        "recall": 0.4444444444444444,
        "f1-score": 0.47058823529411764,
        "support": 9
    },
    "low": {
        "precision": 0.9380530973451328,
        "recall": 0.9380530973451328,
        "f1-score": 0.9380530973451328,
        "support": 113
    },
    "medium": {
        "precision": 0.950920245398773,
        "recall": 0.9451219512195121,
        "f1-score": 0.948012232415902,
        "support": 164
    },
    "normal": {
        "precision": 0.9878048780487805,
        "recall": 1.0,
        "f1-score": 0.9938650306748467,
        "support": 162
    },
    "accuracy": 0.953125,
    "macro_avg": {
        "precision": 0.8441945551981715,
        "recall": 0.8319048732522722,
        "f1-score": 0.8376296489324998,
        "support": 448
    },
    "weighted_avg": {
        "precision": 0.951953818056476,
        "recall": 0.953125,
        "f1-score": 0.9524898107213843,
        "support": 448
    },
    "micro_avg": {
        "precision": 0.953125,
        "recall": 0.953125,
        "f1-score": 0.953125
    }
}