{
    "high": {
        "precision": 0.625,
        "recall": 0.5555555555555556,
        "f1-score": 0.5882352941176471,
        "support": 9
    },
    "low": {
        "precision": 0.9357798165137615,
        "recall": 0.9026548672566371,
        "f1-score": 0.918918918918919,
        "support": 113
    },
    "medium": {
        "precision": 0.9573170731707317,
        "recall": 0.9573170731707317,
        "f1-score": 0.9573170731707317,
        "support": 164
    },
    "normal": {
        "precision": 0.9640718562874252,
        "recall": 0.9938271604938271,
        "f1-score": 0.9787234042553192,
        "support": 162
    },
    "accuracy": 0.9486607142857143,
    "macro_avg": {
        "precision": 0.8705421864929795,
        "recall": 0.8523386641191878,
        "f1-score": 0.8607986726156542,
        "support": 448
    },
    "weighted_avg": {
        "precision": 0.947651249965665,
        "recall": 0.9486607142857143,
        "f1-score": 0.9479579173532553,
        "support": 448
    },
    "micro_avg": {
        "precision": 0.9486607142857143,
        "recall": 0.9486607142857143,
        "f1-score": 0.9486607142857143
    }
}