{
    "high": {
        "precision": 0.8,
        "recall": 0.4444444444444444,
        "f1-score": 0.5714285714285714,
        "support": 9
    },
    "low": {
        "precision": 0.9444444444444444,
        "recall": 0.9026548672566371,
        "f1-score": 0.9230769230769231,
        "support": 113
    },
    "medium": {
        "precision": 0.9404761904761905,
        "recall": 0.9634146341463414,
        "f1-score": 0.9518072289156626,
        "support": 164
    },
    "normal": {
        "precision": 0.9700598802395209,
        "recall": 1.0,
        "f1-score": 0.9848024316109423,
        "support": 162
    },
    "accuracy": 0.9508928571428571,
    "macro_avg": {
        "precision": 0.913745128790039,
        "recall": 0.8276284864618557,
        "f1-score": 0.8577787887580248,
        "support": 448
    },
    "weighted_avg": {
        "precision": 0.9493527188819639,
        "recall": 0.9508928571428571,
        "f1-score": 0.948850287753774,
        "support": 448
    },
    "micro_avg": {
        "precision": 0.9508928571428571,
        "recall": 0.9508928571428571,
        "f1-score": 0.9508928571428571
    }
}