{
    "high": {
        "precision": 0.6,
        "recall": 0.375,
        "f1-score": 0.4615384615384615,
        "support": 8
    },
    "low": {
        "precision": 0.7872340425531915,
        "recall": 0.8604651162790697,
        "f1-score": 0.8222222222222222,
        "support": 43
    },
    "medium": {
        "precision": 0.6666666666666666,
        "recall": 0.6923076923076923,
        "f1-score": 0.6792452830188679,
        "support": 26
    },
    "normal": {
        "precision": 0.868421052631579,
        "recall": 0.825,
        "f1-score": 0.8461538461538461,
        "support": 40
    },
    "accuracy": 0.7777777777777778,
    "macro_avg": {
        "precision": 0.7305804404628593,
        "recall": 0.6881932021466906,
        "f1-score": 0.7022899532333494,
        "support": 117
    },
    "weighted_avg": {
        "precision": 0.7753952074220831,
        "recall": 0.7777777777777778,
        "f1-score": 0.7739691833547664,
        "support": 117
    },
    "micro_avg": {
        "precision": 0.7777777777777778,
        "recall": 0.7777777777777778,
        "f1-score": 0.7777777777777778
    }
}