{
    "high": {
        "precision": 0.6,
        "recall": 0.6666666666666666,
        "f1-score": 0.631578947368421,
        "support": 9
    },
    "low": {
        "precision": 0.9375,
        "recall": 0.9292035398230089,
        "f1-score": 0.9333333333333333,
        "support": 113
    },
    "medium": {
        "precision": 0.9629629629629629,
        "recall": 0.9512195121951219,
        "f1-score": 0.9570552147239264,
        "support": 164
    },
    "normal": {
        "precision": 0.9878048780487805,
        "recall": 1.0,
        "f1-score": 0.9938650306748467,
        "support": 162
    },
    "accuracy": 0.9575892857142857,
    "macro_avg": {
        "precision": 0.8720669602529358,
        "recall": 0.8867724296711994,
        "f1-score": 0.8789581315251319,
        "support": 448
    },
    "weighted_avg": {
        "precision": 0.9582317325219384,
        "recall": 0.9575892857142857,
        "f1-score": 0.9578439003951598,
        "support": 448
    },
    "micro_avg": {
        "precision": 0.9575892857142857,
        "recall": 0.9575892857142857,
        "f1-score": 0.9575892857142857
    }
}