{
    "high": {
        "precision": 0.2727272727272727,
        "recall": 0.375,
        "f1-score": 0.3157894736842105,
        "support": 8
    },
    "low": {
        "precision": 0.7777777777777778,
        "recall": 0.813953488372093,
        "f1-score": 0.7954545454545455,
        "support": 43
    },
    "medium": {
        "precision": 0.6521739130434783,
        "recall": 0.5769230769230769,
        "f1-score": 0.6122448979591837,
        "support": 26
    },
    "normal": {
        "precision": 0.9210526315789473,
        "recall": 0.875,
        "f1-score": 0.8974358974358975,
        "support": 40
    },
    "accuracy": 0.7521367521367521,
    "macro_avg": {
        "precision": 0.6559328987818691,
        "recall": 0.6602191413237926,
        "f1-score": 0.6552312036334593,
        "support": 117
    },
    "weighted_avg": {
        "precision": 0.7643152959705208,
        "recall": 0.7521367521367521,
        "f1-score": 0.7568090981914002,
        "support": 117
    },
    "micro_avg": {
        "precision": 0.7521367521367521,
        "recall": 0.7521367521367521,
        "f1-score": 0.752136752136752
    }
}