{
    "high": {
        "precision": 0.4444444444444444,
        "recall": 0.4444444444444444,
        "f1-score": 0.4444444444444444,
        "support": 9
    },
    "low": {
        "precision": 0.9363636363636364,
        "recall": 0.911504424778761,
        "f1-score": 0.9237668161434978,
        "support": 113
    },
    "medium": {
        "precision": 0.9629629629629629,
        "recall": 0.9512195121951219,
        "f1-score": 0.9570552147239264,
        "support": 164
    },
    "normal": {
        "precision": 0.9700598802395209,
        "recall": 1.0,
        "f1-score": 0.9848024316109423,
        "support": 162
    },
    "accuracy": 0.9486607142857143,
    "macro_avg": {
        "precision": 0.8284577310026411,
        "recall": 0.8267920953545819,
        "f1-score": 0.8275172267307027,
        "support": 448
    },
    "weighted_avg": {
        "precision": 0.9484033871290608,
        "recall": 0.9486607142857143,
        "f1-score": 0.9483944182140888,
        "support": 448
    },
    "micro_avg": {
        "precision": 0.9486607142857143,
        "recall": 0.9486607142857143,
        "f1-score": 0.9486607142857143
    }
}