{
    "high": {
        "precision": 0.3333333333333333,
        "recall": 0.25,
        "f1-score": 0.28571428571428575,
        "support": 8
    },
    "low": {
        "precision": 0.7755102040816326,
        "recall": 0.8837209302325582,
        "f1-score": 0.826086956521739,
        "support": 43
    },
    "medium": {
        "precision": 0.7037037037037037,
        "recall": 0.7307692307692307,
        "f1-score": 0.7169811320754716,
        "support": 26
    },
    "normal": {
        "precision": 0.9142857142857143,
        "recall": 0.8,
        "f1-score": 0.8533333333333333,
        "support": 40
    },
    "accuracy": 0.7777777777777778,
    "macro_avg": {
        "precision": 0.681708238851096,
        "recall": 0.6661225402504471,
        "f1-score": 0.6705289269112074,
        "support": 117
    },
    "weighted_avg": {
        "precision": 0.776763506922237,
        "recall": 0.7777777777777778,
        "f1-score": 0.7742076596875612,
        "support": 117
    },
    "micro_avg": {
        "precision": 0.7777777777777778,
        "recall": 0.7777777777777778,
        "f1-score": 0.7777777777777778
    }
}