{
    "high": {
        "precision": 0.5,
        "recall": 0.6666666666666666,
        "f1-score": 0.5714285714285715,
        "support": 9
    },
    "low": {
        "precision": 0.9137931034482759,
        "recall": 0.9380530973451328,
        "f1-score": 0.925764192139738,
        "support": 113
    },
    "medium": {
        "precision": 0.9807692307692307,
        "recall": 0.9329268292682927,
        "f1-score": 0.95625,
        "support": 164
    },
    "normal": {
        "precision": 0.9878048780487805,
        "recall": 1.0,
        "f1-score": 0.9938650306748467,
        "support": 162
    },
    "accuracy": 0.953125,
    "macro_avg": {
        "precision": 0.8455918030665718,
        "recall": 0.8844116483200231,
        "f1-score": 0.8618269485607891,
        "support": 448
    },
    "weighted_avg": {
        "precision": 0.9567615285261416,
        "recall": 0.953125,
        "f1-score": 0.9544315754999391,
        "support": 448
    },
    "micro_avg": {
        "precision": 0.953125,
        "recall": 0.953125,
        "f1-score": 0.953125
    }
}