{
    "high": {
        "precision": 0.38461538461538464,
        "recall": 0.5555555555555556,
        "f1-score": 0.4545454545454546,
        "support": 9
    },
    "low": {
        "precision": 0.918918918918919,
        "recall": 0.9026548672566371,
        "f1-score": 0.9107142857142857,
        "support": 113
    },
    "medium": {
        "precision": 0.96875,
        "recall": 0.9451219512195121,
        "f1-score": 0.95679012345679,
        "support": 164
    },
    "normal": {
        "precision": 0.9817073170731707,
        "recall": 0.9938271604938271,
        "f1-score": 0.9877300613496932,
        "support": 162
    },
    "accuracy": 0.9441964285714286,
    "macro_avg": {
        "precision": 0.8134979051518685,
        "recall": 0.849289883631383,
        "f1-score": 0.8274449812665559,
        "support": 448
    },
    "weighted_avg": {
        "precision": 0.9491316108598884,
        "recall": 0.9441964285714286,
        "f1-score": 0.9462666820584538,
        "support": 448
    },
    "micro_avg": {
        "precision": 0.9441964285714286,
        "recall": 0.9441964285714286,
        "f1-score": 0.9441964285714286
    }
}