{
    "high": {
        "precision": 0.75,
        "recall": 0.375,
        "f1-score": 0.5,
        "support": 8
    },
    "low": {
        "precision": 0.723404255319149,
        "recall": 0.7906976744186046,
        "f1-score": 0.7555555555555555,
        "support": 43
    },
    "medium": {
        "precision": 0.6451612903225806,
        "recall": 0.7692307692307693,
        "f1-score": 0.7017543859649122,
        "support": 26
    },
    "normal": {
        "precision": 0.9142857142857143,
        "recall": 0.8,
        "f1-score": 0.8533333333333333,
        "support": 40
    },
    "accuracy": 0.7606837606837606,
    "macro_avg": {
        "precision": 0.7582128149818609,
        "recall": 0.6837321109123435,
        "f1-score": 0.7026608187134502,
        "support": 117
    },
    "weighted_avg": {
        "precision": 0.7730940606712742,
        "recall": 0.7606837606837606,
        "f1-score": 0.759554156045384,
        "support": 117
    },
    "micro_avg": {
        "precision": 0.7606837606837606,
        "recall": 0.7606837606837606,
        "f1-score": 0.7606837606837606
    }
}