{
    "high": {
        "precision": 0.5,
        "recall": 0.125,
        "f1-score": 0.2,
        "support": 8
    },
    "low": {
        "precision": 0.85,
        "recall": 0.7906976744186046,
        "f1-score": 0.8192771084337349,
        "support": 43
    },
    "medium": {
        "precision": 0.6060606060606061,
        "recall": 0.7692307692307693,
        "f1-score": 0.6779661016949152,
        "support": 26
    },
    "normal": {
        "precision": 0.8571428571428571,
        "recall": 0.9,
        "f1-score": 0.8780487804878048,
        "support": 40
    },
    "accuracy": 0.7777777777777778,
    "macro_avg": {
        "precision": 0.7033008658008658,
        "recall": 0.6462321109123434,
        "f1-score": 0.6438229976541137,
        "support": 117
    },
    "weighted_avg": {
        "precision": 0.7743016243016243,
        "recall": 0.7777777777777778,
        "f1-score": 0.7656238079165006,
        "support": 117
    },
    "micro_avg": {
        "precision": 0.7777777777777778,
        "recall": 0.7777777777777778,
        "f1-score": 0.7777777777777778
    }
}