{
    "high": {
        "precision": 0.6,
        "recall": 0.375,
        "f1-score": 0.4615384615384615,
        "support": 8
    },
    "low": {
        "precision": 0.7708333333333334,
        "recall": 0.8604651162790697,
        "f1-score": 0.8131868131868132,
        "support": 43
    },
    "medium": {
        "precision": 0.7727272727272727,
        "recall": 0.6538461538461539,
        "f1-score": 0.7083333333333333,
        "support": 26
    },
    "normal": {
        "precision": 0.8333333333333334,
        "recall": 0.875,
        "f1-score": 0.8536585365853658,
        "support": 40
    },
    "accuracy": 0.7863247863247863,
    "macro_avg": {
        "precision": 0.7442234848484849,
        "recall": 0.6910778175313059,
        "f1-score": 0.7091792861609935,
        "support": 117
    },
    "weighted_avg": {
        "precision": 0.7809408184408185,
        "recall": 0.7863247863247863,
        "f1-score": 0.7796781947813842,
        "support": 117
    },
    "micro_avg": {
        "precision": 0.7863247863247863,
        "recall": 0.7863247863247863,
        "f1-score": 0.7863247863247863
    }
}