{
    "high": {
        "precision": 0.75,
        "recall": 0.3333333333333333,
        "f1-score": 0.46153846153846156,
        "support": 9
    },
    "low": {
        "precision": 0.905982905982906,
        "recall": 0.9380530973451328,
        "f1-score": 0.9217391304347826,
        "support": 113
    },
    "medium": {
        "precision": 0.9567901234567902,
        "recall": 0.9451219512195121,
        "f1-score": 0.9509202453987731,
        "support": 164
    },
    "normal": {
        "precision": 0.9818181818181818,
        "recall": 1.0,
        "f1-score": 0.9908256880733944,
        "support": 162
    },
    "accuracy": 0.9508928571428571,
    "macro_avg": {
        "precision": 0.8986478028144694,
        "recall": 0.8041270954744946,
        "f1-score": 0.831255881361353,
        "support": 448
    },
    "weighted_avg": {
        "precision": 0.9488709689230523,
        "recall": 0.9508928571428571,
        "f1-score": 0.9481585928711278,
        "support": 448
    },
    "micro_avg": {
        "precision": 0.9508928571428571,
        "recall": 0.9508928571428571,
        "f1-score": 0.9508928571428571
    }
}