{
    "high": {
        "precision": 0.5714285714285714,
        "recall": 0.4444444444444444,
        "f1-score": 0.5,
        "support": 9
    },
    "low": {
        "precision": 0.8842975206611571,
        "recall": 0.9469026548672567,
        "f1-score": 0.9145299145299146,
        "support": 113
    },
    "medium": {
        "precision": 0.9806451612903225,
        "recall": 0.926829268292683,
        "f1-score": 0.9529780564263324,
        "support": 164
    },
    "normal": {
        "precision": 0.9818181818181818,
        "recall": 1.0,
        "f1-score": 0.9908256880733944,
        "support": 162
    },
    "accuracy": 0.9486607142857143,
    "macro_avg": {
        "precision": 0.8545473587995582,
        "recall": 0.829544091901096,
        "f1-score": 0.8395834147574103,
        "support": 448
    },
    "weighted_avg": {
        "precision": 0.9485464930440317,
        "recall": 0.9486607142857143,
        "f1-score": 0.9478661675528767,
        "support": 448
    },
    "micro_avg": {
        "precision": 0.9486607142857143,
        "recall": 0.9486607142857143,
        "f1-score": 0.9486607142857143
    }
}