{
    "high": {
        "precision": 0.25,
        "recall": 0.125,
        "f1-score": 0.16666666666666666,
        "support": 8
    },
    "low": {
        "precision": 0.7307692307692307,
        "recall": 0.8837209302325582,
        "f1-score": 0.8,
        "support": 43
    },
    "medium": {
        "precision": 0.68,
        "recall": 0.6538461538461539,
        "f1-score": 0.6666666666666666,
        "support": 26
    },
    "normal": {
        "precision": 0.9166666666666666,
        "recall": 0.825,
        "f1-score": 0.8684210526315789,
        "support": 40
    },
    "accuracy": 0.7606837606837606,
    "macro_avg": {
        "precision": 0.6443589743589744,
        "recall": 0.6218917710196781,
        "f1-score": 0.625438596491228,
        "support": 117
    },
    "weighted_avg": {
        "precision": 0.750168748630287,
        "recall": 0.7606837606837606,
        "f1-score": 0.750457339931024,
        "support": 117
    },
    "micro_avg": {
        "precision": 0.7606837606837606,
        "recall": 0.7606837606837606,
        "f1-score": 0.7606837606837606
    }
}