{
    "high": {
        "precision": 0.5454545454545454,
        "recall": 0.6666666666666666,
        "f1-score": 0.6,
        "support": 9
    },
    "low": {
        "precision": 0.9196428571428571,
        "recall": 0.911504424778761,
        "f1-score": 0.9155555555555556,
        "support": 113
    },
    "medium": {
        "precision": 0.9748427672955975,
        "recall": 0.9451219512195121,
        "f1-score": 0.9597523219814241,
        "support": 164
    },
    "normal": {
        "precision": 0.9759036144578314,
        "recall": 1.0,
        "f1-score": 0.9878048780487805,
        "support": 162
    },
    "accuracy": 0.9508928571428571,
    "macro_avg": {
        "precision": 0.8539609460877079,
        "recall": 0.880823260666235,
        "f1-score": 0.8657781888964401,
        "support": 448
    },
    "weighted_avg": {
        "precision": 0.9526770829126795,
        "recall": 0.9508928571428571,
        "f1-score": 0.9515213143451646,
        "support": 448
    },
    "micro_avg": {
        "precision": 0.9508928571428571,
        "recall": 0.9508928571428571,
        "f1-score": 0.9508928571428571
    }
}