{
    "high": {
        "precision": 0.5,
        "recall": 0.6666666666666666,
        "f1-score": 0.5714285714285715,
        "support": 9
    },
    "low": {
        "precision": 0.9279279279279279,
        "recall": 0.911504424778761,
        "f1-score": 0.9196428571428571,
        "support": 113
    },
    "medium": {
        "precision": 0.9685534591194969,
        "recall": 0.9390243902439024,
        "f1-score": 0.9535603715170279,
        "support": 164
    },
    "normal": {
        "precision": 0.9759036144578314,
        "recall": 1.0,
        "f1-score": 0.9878048780487805,
        "support": 162
    },
    "accuracy": 0.9486607142857143,
    "macro_avg": {
        "precision": 0.8430962503763141,
        "recall": 0.8792988704223326,
        "f1-score": 0.8581091695343093,
        "support": 448
    },
    "weighted_avg": {
        "precision": 0.9515513586911207,
        "recall": 0.9486607142857143,
        "f1-score": 0.9497115874390515,
        "support": 448
    },
    "micro_avg": {
        "precision": 0.9486607142857143,
        "recall": 0.9486607142857143,
        "f1-score": 0.9486607142857143
    }
}