{
    "high": {
        "precision": 0.5,
        "recall": 0.375,
        "f1-score": 0.42857142857142855,
        "support": 8
    },
    "low": {
        "precision": 0.7916666666666666,
        "recall": 0.8837209302325582,
        "f1-score": 0.8351648351648352,
        "support": 43
    },
    "medium": {
        "precision": 0.7727272727272727,
        "recall": 0.6538461538461539,
        "f1-score": 0.7083333333333333,
        "support": 26
    },
    "normal": {
        "precision": 0.8536585365853658,
        "recall": 0.875,
        "f1-score": 0.8641975308641976,
        "support": 40
    },
    "accuracy": 0.7948717948717948,
    "macro_avg": {
        "precision": 0.7295131189948263,
        "recall": 0.696891771019678,
        "f1-score": 0.7090667819834486,
        "support": 117
    },
    "weighted_avg": {
        "precision": 0.7887086941964991,
        "recall": 0.7948717948717948,
        "f1-score": 0.7891045063409736,
        "support": 117
    },
    "micro_avg": {
        "precision": 0.7948717948717948,
        "recall": 0.7948717948717948,
        "f1-score": 0.7948717948717948
    }
}