{
    "high": {
        "precision": 0.6,
        "recall": 0.375,
        "f1-score": 0.4615384615384615,
        "support": 8
    },
    "low": {
        "precision": 0.7169811320754716,
        "recall": 0.8837209302325582,
        "f1-score": 0.7916666666666666,
        "support": 43
    },
    "medium": {
        "precision": 0.7083333333333334,
        "recall": 0.6538461538461539,
        "f1-score": 0.68,
        "support": 26
    },
    "normal": {
        "precision": 0.9428571428571428,
        "recall": 0.825,
        "f1-score": 0.88,
        "support": 40
    },
    "accuracy": 0.7777777777777778,
    "macro_avg": {
        "precision": 0.7420429020664869,
        "recall": 0.6843917710196781,
        "f1-score": 0.7033012820512821,
        "support": 117
    },
    "weighted_avg": {
        "precision": 0.7842832569247664,
        "recall": 0.7777777777777778,
        "f1-score": 0.7744784133245671,
        "support": 117
    },
    "micro_avg": {
        "precision": 0.7777777777777778,
        "recall": 0.7777777777777778,
        "f1-score": 0.7777777777777778
    }
}