{
    "high": {
        "precision": 0.5714285714285714,
        "recall": 0.5,
        "f1-score": 0.5333333333333333,
        "support": 8
    },
    "low": {
        "precision": 0.8260869565217391,
        "recall": 0.8837209302325582,
        "f1-score": 0.853932584269663,
        "support": 43
    },
    "medium": {
        "precision": 0.72,
        "recall": 0.6923076923076923,
        "f1-score": 0.7058823529411765,
        "support": 26
    },
    "normal": {
        "precision": 0.8974358974358975,
        "recall": 0.875,
        "f1-score": 0.8860759493670887,
        "support": 40
    },
    "accuracy": 0.811965811965812,
    "macro_avg": {
        "precision": 0.7537378563465519,
        "recall": 0.7377571556350626,
        "f1-score": 0.7448060549778155,
        "support": 117
    },
    "weighted_avg": {
        "precision": 0.8094923384555491,
        "recall": 0.811965811965812,
        "f1-score": 0.8101004012086864,
        "support": 117
    },
    "micro_avg": {
        "precision": 0.811965811965812,
        "recall": 0.811965811965812,
        "f1-score": 0.811965811965812
    }
}