{
    "high": {
        "precision": 0.625,
        "recall": 0.5555555555555556,
        "f1-score": 0.5882352941176471,
        "support": 9
    },
    "low": {
        "precision": 0.944954128440367,
        "recall": 0.911504424778761,
        "f1-score": 0.9279279279279279,
        "support": 113
    },
    "medium": {
        "precision": 0.9454545454545454,
        "recall": 0.9512195121951219,
        "f1-score": 0.9483282674772037,
        "support": 164
    },
    "normal": {
        "precision": 0.9759036144578314,
        "recall": 1.0,
        "f1-score": 0.9878048780487805,
        "support": 162
    },
    "accuracy": 0.9508928571428571,
    "macro_avg": {
        "precision": 0.8728280720881859,
        "recall": 0.8545698731323597,
        "f1-score": 0.8630740918928897,
        "support": 448
    },
    "weighted_avg": {
        "precision": 0.9499012221215973,
        "recall": 0.9508928571428571,
        "f1-score": 0.9502236598506217,
        "support": 448
    },
    "micro_avg": {
        "precision": 0.9508928571428571,
        "recall": 0.9508928571428571,
        "f1-score": 0.9508928571428571
    }
}