{
    "high": {
        "precision": 1.0,
        "recall": 0.375,
        "f1-score": 0.5454545454545454,
        "support": 8
    },
    "low": {
        "precision": 0.7450980392156863,
        "recall": 0.8837209302325582,
        "f1-score": 0.8085106382978724,
        "support": 43
    },
    "medium": {
        "precision": 0.782608695652174,
        "recall": 0.6923076923076923,
        "f1-score": 0.7346938775510203,
        "support": 26
    },
    "normal": {
        "precision": 0.85,
        "recall": 0.85,
        "f1-score": 0.85,
        "support": 40
    },
    "accuracy": 0.7948717948717948,
    "macro_avg": {
        "precision": 0.844426683716965,
        "recall": 0.7002571556350626,
        "f1-score": 0.7346647653258596,
        "support": 117
    },
    "weighted_avg": {
        "precision": 0.8067268527626584,
        "recall": 0.7948717948717948,
        "f1-score": 0.7883045694595847,
        "support": 117
    },
    "micro_avg": {
        "precision": 0.7948717948717948,
        "recall": 0.7948717948717948,
        "f1-score": 0.7948717948717948
    }
}