{
    "high": {
        "precision": 0.6666666666666666,
        "recall": 0.4444444444444444,
        "f1-score": 0.5333333333333333,
        "support": 9
    },
    "low": {
        "precision": 0.9292035398230089,
        "recall": 0.9292035398230089,
        "f1-score": 0.9292035398230089,
        "support": 113
    },
    "medium": {
        "precision": 0.9515151515151515,
        "recall": 0.9573170731707317,
        "f1-score": 0.9544072948328268,
        "support": 164
    },
    "normal": {
        "precision": 0.9878048780487805,
        "recall": 1.0,
        "f1-score": 0.9938650306748467,
        "support": 162
    },
    "accuracy": 0.9553571428571429,
    "macro_avg": {
        "precision": 0.8837975590134018,
        "recall": 0.8327412643595462,
        "f1-score": 0.852702299666004,
        "support": 448
    },
    "weighted_avg": {
        "precision": 0.9532876676169361,
        "recall": 0.9553571428571429,
        "f1-score": 0.9538592217006893,
        "support": 448
    },
    "micro_avg": {
        "precision": 0.9553571428571429,
        "recall": 0.9553571428571429,
        "f1-score": 0.9553571428571429
    }
}