{
    "high": {
        "precision": 0.5714285714285714,
        "recall": 0.4444444444444444,
        "f1-score": 0.5,
        "support": 9
    },
    "low": {
        "precision": 0.9537037037037037,
        "recall": 0.911504424778761,
        "f1-score": 0.9321266968325793,
        "support": 113
    },
    "medium": {
        "precision": 0.9289940828402367,
        "recall": 0.9573170731707317,
        "f1-score": 0.9429429429429429,
        "support": 164
    },
    "normal": {
        "precision": 0.9878048780487805,
        "recall": 1.0,
        "f1-score": 0.9938650306748467,
        "support": 162
    },
    "accuracy": 0.9508928571428571,
    "macro_avg": {
        "precision": 0.860482809005323,
        "recall": 0.8283164855984844,
        "f1-score": 0.8422336676125922,
        "support": 448
    },
    "weighted_avg": {
        "precision": 0.9493098113640109,
        "recall": 0.9508928571428571,
        "f1-score": 0.9497301213260029,
        "support": 448
    },
    "micro_avg": {
        "precision": 0.9508928571428571,
        "recall": 0.9508928571428571,
        "f1-score": 0.9508928571428571
    }
}