{
    "high": {
        "precision": 0.5,
        "recall": 0.4444444444444444,
        "f1-score": 0.47058823529411764,
        "support": 9
    },
    "low": {
        "precision": 0.9272727272727272,
        "recall": 0.9026548672566371,
        "f1-score": 0.9147982062780269,
        "support": 113
    },
    "medium": {
        "precision": 0.9454545454545454,
        "recall": 0.9512195121951219,
        "f1-score": 0.9483282674772037,
        "support": 164
    },
    "normal": {
        "precision": 0.9818181818181818,
        "recall": 1.0,
        "f1-score": 0.9908256880733944,
        "support": 162
    },
    "accuracy": 0.9464285714285714,
    "macro_avg": {
        "precision": 0.8386363636363636,
        "recall": 0.8245797059740508,
        "f1-score": 0.8311350992806856,
        "support": 448
    },
    "weighted_avg": {
        "precision": 0.9450689935064936,
        "recall": 0.9464285714285714,
        "f1-score": 0.9456408231277129,
        "support": 448
    },
    "micro_avg": {
        "precision": 0.9464285714285714,
        "recall": 0.9464285714285714,
        "f1-score": 0.9464285714285714
    }
}