{
    "high": {
        "precision": 0.5,
        "recall": 0.4444444444444444,
        "f1-score": 0.47058823529411764,
        "support": 9
    },
    "low": {
        "precision": 0.9454545454545454,
        "recall": 0.9203539823008849,
        "f1-score": 0.9327354260089686,
        "support": 113
    },
    "medium": {
        "precision": 0.9506172839506173,
        "recall": 0.9390243902439024,
        "f1-score": 0.9447852760736196,
        "support": 164
    },
    "normal": {
        "precision": 0.9642857142857143,
        "recall": 1.0,
        "f1-score": 0.9818181818181818,
        "support": 162
    },
    "accuracy": 0.9464285714285714,
    "macro_avg": {
        "precision": 0.8400893859227192,
        "recall": 0.8259557042473079,
        "f1-score": 0.832481779798722,
        "support": 448
    },
    "weighted_avg": {
        "precision": 0.945205098032479,
        "recall": 0.9464285714285714,
        "f1-score": 0.9456109999716062,
        "support": 448
    },
    "micro_avg": {
        "precision": 0.9464285714285714,
        "recall": 0.9464285714285714,
        "f1-score": 0.9464285714285714
    }
}