{
    "high": {
        "precision": 0.42857142857142855,
        "recall": 0.6666666666666666,
        "f1-score": 0.5217391304347826,
        "support": 9
    },
    "low": {
        "precision": 0.8974358974358975,
        "recall": 0.9292035398230089,
        "f1-score": 0.9130434782608695,
        "support": 113
    },
    "medium": {
        "precision": 0.9868421052631579,
        "recall": 0.9146341463414634,
        "f1-score": 0.949367088607595,
        "support": 164
    },
    "normal": {
        "precision": 0.9757575757575757,
        "recall": 0.9938271604938271,
        "f1-score": 0.9847094801223242,
        "support": 162
    },
    "accuracy": 0.9419642857142857,
    "macro_avg": {
        "precision": 0.8221517517570148,
        "recall": 0.8760828783312415,
        "f1-score": 0.8422147943563928,
        "support": 448
    },
    "weighted_avg": {
        "precision": 0.9490674817037599,
        "recall": 0.9419642857142857,
        "f1-score": 0.944394427519762,
        "support": 448
    },
    "micro_avg": {
        "precision": 0.9419642857142857,
        "recall": 0.9419642857142857,
        "f1-score": 0.9419642857142857
    }
}