{
    "high": {
        "precision": 0.6666666666666666,
        "recall": 0.4444444444444444,
        "f1-score": 0.5333333333333333,
        "support": 9
    },
    "low": {
        "precision": 0.9145299145299145,
        "recall": 0.9469026548672567,
        "f1-score": 0.9304347826086956,
        "support": 113
    },
    "medium": {
        "precision": 0.9627329192546584,
        "recall": 0.9451219512195121,
        "f1-score": 0.9538461538461539,
        "support": 164
    },
    "normal": {
        "precision": 0.9878048780487805,
        "recall": 1.0,
        "f1-score": 0.9938650306748467,
        "support": 162
    },
    "accuracy": 0.9553571428571429,
    "macro_avg": {
        "precision": 0.882933594625005,
        "recall": 0.8341172626328033,
        "f1-score": 0.8528698251157574,
        "support": 448
    },
    "weighted_avg": {
        "precision": 0.9536930119275596,
        "recall": 0.9553571428571429,
        "f1-score": 0.953964363024279,
        "support": 448
    },
    "micro_avg": {
        "precision": 0.9553571428571429,
        "recall": 0.9553571428571429,
        "f1-score": 0.9553571428571429
    }
}