{
    "high": {
        "precision": 0.4,
        "recall": 0.4444444444444444,
        "f1-score": 0.4210526315789474,
        "support": 9
    },
    "low": {
        "precision": 0.8983050847457628,
        "recall": 0.9380530973451328,
        "f1-score": 0.9177489177489178,
        "support": 113
    },
    "medium": {
        "precision": 0.9741935483870968,
        "recall": 0.9207317073170732,
        "f1-score": 0.9467084639498433,
        "support": 164
    },
    "normal": {
        "precision": 0.9757575757575757,
        "recall": 0.9938271604938271,
        "f1-score": 0.9847094801223242,
        "support": 162
    },
    "accuracy": 0.9419642857142857,
    "macro_avg": {
        "precision": 0.8120640522226088,
        "recall": 0.8242641024001194,
        "f1-score": 0.8175548733500081,
        "support": 448
    },
    "weighted_avg": {
        "precision": 0.944082463804648,
        "recall": 0.9419642857142857,
        "f1-score": 0.9425853242353328,
        "support": 448
    },
    "micro_avg": {
        "precision": 0.9419642857142857,
        "recall": 0.9419642857142857,
        "f1-score": 0.9419642857142857
    }
}