{
    "high": {
        "precision": 0.5,
        "recall": 0.6666666666666666,
        "f1-score": 0.5714285714285715,
        "support": 9
    },
    "low": {
        "precision": 0.9357798165137615,
        "recall": 0.9026548672566371,
        "f1-score": 0.918918918918919,
        "support": 113
    },
    "medium": {
        "precision": 0.9559748427672956,
        "recall": 0.926829268292683,
        "f1-score": 0.9411764705882353,
        "support": 164
    },
    "normal": {
        "precision": 0.9642857142857143,
        "recall": 1.0,
        "f1-score": 0.9818181818181818,
        "support": 162
    },
    "accuracy": 0.9419642857142857,
    "macro_avg": {
        "precision": 0.8390100933916929,
        "recall": 0.8740377005539967,
        "f1-score": 0.853335535688477,
        "support": 448
    },
    "weighted_avg": {
        "precision": 0.9447260696298599,
        "recall": 0.9419642857142857,
        "f1-score": 0.9428307625261406,
        "support": 448
    },
    "micro_avg": {
        "precision": 0.9419642857142857,
        "recall": 0.9419642857142857,
        "f1-score": 0.9419642857142857
    }
}