{
    "high": {
        "precision": 0.5714285714285714,
        "recall": 0.4444444444444444,
        "f1-score": 0.5,
        "support": 9
    },
    "low": {
        "precision": 0.9304347826086956,
        "recall": 0.9469026548672567,
        "f1-score": 0.9385964912280702,
        "support": 113
    },
    "medium": {
        "precision": 0.9627329192546584,
        "recall": 0.9451219512195121,
        "f1-score": 0.9538461538461539,
        "support": 164
    },
    "normal": {
        "precision": 0.9818181818181818,
        "recall": 1.0,
        "f1-score": 0.9908256880733944,
        "support": 162
    },
    "accuracy": 0.9553571428571429,
    "macro_avg": {
        "precision": 0.8616036137775268,
        "recall": 0.8341172626328033,
        "f1-score": 0.8458170832869046,
        "support": 448
    },
    "weighted_avg": {
        "precision": 0.953626633459708,
        "recall": 0.9553571428571429,
        "f1-score": 0.9542543174273016,
        "support": 448
    },
    "micro_avg": {
        "precision": 0.9553571428571429,
        "recall": 0.9553571428571429,
        "f1-score": 0.9553571428571429
    }
}