{
    "high": {
        "precision": 0.36363636363636365,
        "recall": 0.4444444444444444,
        "f1-score": 0.39999999999999997,
        "support": 9
    },
    "low": {
        "precision": 0.9230769230769231,
        "recall": 0.9557522123893806,
        "f1-score": 0.9391304347826088,
        "support": 113
    },
    "medium": {
        "precision": 0.9741935483870968,
        "recall": 0.9207317073170732,
        "f1-score": 0.9467084639498433,
        "support": 164
    },
    "normal": {
        "precision": 0.9818181818181818,
        "recall": 1.0,
        "f1-score": 0.9908256880733944,
        "support": 162
    },
    "accuracy": 0.9486607142857143,
    "macro_avg": {
        "precision": 0.8106812542296413,
        "recall": 0.8302320910377246,
        "f1-score": 0.8191661467014616,
        "support": 448
    },
    "weighted_avg": {
        "precision": 0.9517917566304664,
        "recall": 0.9486607142857143,
        "f1-score": 0.9497671622457567,
        "support": 448
    },
    "micro_avg": {
        "precision": 0.9486607142857143,
        "recall": 0.9486607142857143,
        "f1-score": 0.9486607142857143
    }
}