{
    "high": {
        "precision": 0.5714285714285714,
        "recall": 0.4444444444444444,
        "f1-score": 0.5,
        "support": 9
    },
    "low": {
        "precision": 0.9224137931034483,
        "recall": 0.9469026548672567,
        "f1-score": 0.9344978165938865,
        "support": 113
    },
    "medium": {
        "precision": 0.96875,
        "recall": 0.9451219512195121,
        "f1-score": 0.95679012345679,
        "support": 164
    },
    "normal": {
        "precision": 0.9818181818181818,
        "recall": 1.0,
        "f1-score": 0.9908256880733944,
        "support": 162
    },
    "accuracy": 0.9553571428571429,
    "macro_avg": {
        "precision": 0.8611026365875504,
        "recall": 0.8341172626328033,
        "f1-score": 0.8455284070310177,
        "support": 448
    },
    "weighted_avg": {
        "precision": 0.9538061634332415,
        "recall": 0.9553571428571429,
        "f1-score": 0.9542982031024836,
        "support": 448
    },
    "micro_avg": {
        "precision": 0.9553571428571429,
        "recall": 0.9553571428571429,
        "f1-score": 0.9553571428571429
    }
}