{
    "high": {
        "precision": 0.4375,
        "recall": 0.7777777777777778,
        "f1-score": 0.56,
        "support": 9
    },
    "low": {
        "precision": 0.9363636363636364,
        "recall": 0.911504424778761,
        "f1-score": 0.9237668161434978,
        "support": 113
    },
    "medium": {
        "precision": 0.9745222929936306,
        "recall": 0.9329268292682927,
        "f1-score": 0.9532710280373832,
        "support": 164
    },
    "normal": {
        "precision": 0.9818181818181818,
        "recall": 1.0,
        "f1-score": 0.9908256880733944,
        "support": 162
    },
    "accuracy": 0.9486607142857143,
    "macro_avg": {
        "precision": 0.8325510277938623,
        "recall": 0.9055522579562079,
        "f1-score": 0.8569658830635688,
        "support": 448
    },
    "weighted_avg": {
        "precision": 0.9567473044968567,
        "recall": 0.9486607142857143,
        "f1-score": 0.9515086167192768,
        "support": 448
    },
    "micro_avg": {
        "precision": 0.9486607142857143,
        "recall": 0.9486607142857143,
        "f1-score": 0.9486607142857143
    }
}