{
    "high": {
        "precision": 0.75,
        "recall": 0.6666666666666666,
        "f1-score": 0.7058823529411765,
        "support": 9
    },
    "low": {
        "precision": 0.9369369369369369,
        "recall": 0.9203539823008849,
        "f1-score": 0.9285714285714286,
        "support": 113
    },
    "medium": {
        "precision": 0.968944099378882,
        "recall": 0.9512195121951219,
        "f1-score": 0.96,
        "support": 164
    },
    "normal": {
        "precision": 0.9642857142857143,
        "recall": 1.0,
        "f1-score": 0.9818181818181818,
        "support": 162
    },
    "accuracy": 0.9553571428571429,
    "macro_avg": {
        "precision": 0.9050416876503833,
        "recall": 0.8845600402906684,
        "f1-score": 0.8940679908326967,
        "support": 448
    },
    "weighted_avg": {
        "precision": 0.9547879283176256,
        "recall": 0.9553571428571429,
        "f1-score": 0.9548572724544363,
        "support": 448
    },
    "micro_avg": {
        "precision": 0.9553571428571429,
        "recall": 0.9553571428571429,
        "f1-score": 0.9553571428571429
    }
}