{
    "high": {
        "precision": 0.5555555555555556,
        "recall": 0.5555555555555556,
        "f1-score": 0.5555555555555556,
        "support": 9
    },
    "low": {
        "precision": 0.9217391304347826,
        "recall": 0.9380530973451328,
        "f1-score": 0.9298245614035088,
        "support": 113
    },
    "medium": {
        "precision": 0.9746835443037974,
        "recall": 0.9390243902439024,
        "f1-score": 0.9565217391304348,
        "support": 164
    },
    "normal": {
        "precision": 0.9759036144578314,
        "recall": 1.0,
        "f1-score": 0.9878048780487805,
        "support": 162
    },
    "accuracy": 0.953125,
    "macro_avg": {
        "precision": 0.8569704611879918,
        "recall": 0.8581582607861477,
        "f1-score": 0.85742668353457,
        "support": 448
    },
    "weighted_avg": {
        "precision": 0.9533504655069684,
        "recall": 0.953125,
        "f1-score": 0.9530449350443979,
        "support": 448
    },
    "micro_avg": {
        "precision": 0.953125,
        "recall": 0.953125,
        "f1-score": 0.953125
    }
}