{
    "high": {
        "precision": 0.8,
        "recall": 0.4444444444444444,
        "f1-score": 0.5714285714285714,
        "support": 9
    },
    "low": {
        "precision": 0.918918918918919,
        "recall": 0.9026548672566371,
        "f1-score": 0.9107142857142857,
        "support": 113
    },
    "medium": {
        "precision": 0.9337349397590361,
        "recall": 0.9451219512195121,
        "f1-score": 0.9393939393939394,
        "support": 164
    },
    "normal": {
        "precision": 0.9759036144578314,
        "recall": 1.0,
        "f1-score": 0.9878048780487805,
        "support": 162
    },
    "accuracy": 0.9441964285714286,
    "macro_avg": {
        "precision": 0.9071393682839467,
        "recall": 0.8230553157301483,
        "f1-score": 0.8523354186463943,
        "support": 448
    },
    "weighted_avg": {
        "precision": 0.9425597176350189,
        "recall": 0.9441964285714286,
        "f1-score": 0.9422735886899104,
        "support": 448
    },
    "micro_avg": {
        "precision": 0.9441964285714286,
        "recall": 0.9441964285714286,
        "f1-score": 0.9441964285714286
    }
}