{
    "high": {
        "precision": 0.5,
        "recall": 0.375,
        "f1-score": 0.42857142857142855,
        "support": 8
    },
    "low": {
        "precision": 0.7916666666666666,
        "recall": 0.8837209302325582,
        "f1-score": 0.8351648351648352,
        "support": 43
    },
    "medium": {
        "precision": 0.7391304347826086,
        "recall": 0.6538461538461539,
        "f1-score": 0.693877551020408,
        "support": 26
    },
    "normal": {
        "precision": 0.875,
        "recall": 0.875,
        "f1-score": 0.875,
        "support": 40
    },
    "accuracy": 0.7948717948717948,
    "macro_avg": {
        "precision": 0.7264492753623188,
        "recall": 0.696891771019678,
        "f1-score": 0.7081534536891679,
        "support": 117
    },
    "weighted_avg": {
        "precision": 0.7885389570172178,
        "recall": 0.7948717948717948,
        "f1-score": 0.7895852621127347,
        "support": 117
    },
    "micro_avg": {
        "precision": 0.7948717948717948,
        "recall": 0.7948717948717948,
        "f1-score": 0.7948717948717948
    }
}