{
    "high": {
        "precision": 0.35294117647058826,
        "recall": 0.6666666666666666,
        "f1-score": 0.46153846153846156,
        "support": 9
    },
    "low": {
        "precision": 0.944954128440367,
        "recall": 0.911504424778761,
        "f1-score": 0.9279279279279279,
        "support": 113
    },
    "medium": {
        "precision": 0.9808917197452229,
        "recall": 0.9390243902439024,
        "f1-score": 0.9595015576323987,
        "support": 164
    },
    "normal": {
        "precision": 0.9818181818181818,
        "recall": 1.0,
        "f1-score": 0.9908256880733944,
        "support": 162
    },
    "accuracy": 0.9486607142857143,
    "macro_avg": {
        "precision": 0.81515130161859,
        "recall": 0.8792988704223326,
        "f1-score": 0.8349484087930457,
        "support": 448
    },
    "weighted_avg": {
        "precision": 0.959547041506158,
        "recall": 0.9486607142857143,
        "f1-score": 0.9528609797529136,
        "support": 448
    },
    "micro_avg": {
        "precision": 0.9486607142857143,
        "recall": 0.9486607142857143,
        "f1-score": 0.9486607142857143
    }
}