{
    "high": {
        "precision": 0.5,
        "recall": 0.1111111111111111,
        "f1-score": 0.1818181818181818,
        "support": 9
    },
    "low": {
        "precision": 0.9304347826086956,
        "recall": 0.9469026548672567,
        "f1-score": 0.9385964912280702,
        "support": 113
    },
    "medium": {
        "precision": 0.9454545454545454,
        "recall": 0.9512195121951219,
        "f1-score": 0.9483282674772037,
        "support": 164
    },
    "normal": {
        "precision": 0.9759036144578314,
        "recall": 1.0,
        "f1-score": 0.9878048780487805,
        "support": 162
    },
    "accuracy": 0.9508928571428571,
    "macro_avg": {
        "precision": 0.8379482356302681,
        "recall": 0.7523083195433724,
        "f1-score": 0.7641369546430591,
        "support": 448
    },
    "weighted_avg": {
        "precision": 0.9437278156953052,
        "recall": 0.9508928571428571,
        "f1-score": 0.9447499849448648,
        "support": 448
    },
    "micro_avg": {
        "precision": 0.9508928571428571,
        "recall": 0.9508928571428571,
        "f1-score": 0.9508928571428571
    }
}