{
    "high": {
        "precision": 0.25,
        "recall": 0.125,
        "f1-score": 0.16666666666666666,
        "support": 8
    },
    "low": {
        "precision": 0.8085106382978723,
        "recall": 0.8837209302325582,
        "f1-score": 0.8444444444444444,
        "support": 43
    },
    "medium": {
        "precision": 0.68,
        "recall": 0.6538461538461539,
        "f1-score": 0.6666666666666666,
        "support": 26
    },
    "normal": {
        "precision": 0.8780487804878049,
        "recall": 0.9,
        "f1-score": 0.888888888888889,
        "support": 40
    },
    "accuracy": 0.7863247863247863,
    "macro_avg": {
        "precision": 0.6541398546964193,
        "recall": 0.640641771019678,
        "f1-score": 0.6416666666666666,
        "support": 117
    },
    "weighted_avg": {
        "precision": 0.765537680908724,
        "recall": 0.7863247863247863,
        "f1-score": 0.7737891737891738,
        "support": 117
    },
    "micro_avg": {
        "precision": 0.7863247863247863,
        "recall": 0.7863247863247863,
        "f1-score": 0.7863247863247863
    }
}