{
    "high": {
        "precision": 0.5555555555555556,
        "recall": 0.5555555555555556,
        "f1-score": 0.5555555555555556,
        "support": 9
    },
    "low": {
        "precision": 0.9459459459459459,
        "recall": 0.9292035398230089,
        "f1-score": 0.9375,
        "support": 113
    },
    "medium": {
        "precision": 0.968944099378882,
        "recall": 0.9512195121951219,
        "f1-score": 0.96,
        "support": 164
    },
    "normal": {
        "precision": 0.9700598802395209,
        "recall": 1.0,
        "f1-score": 0.9848024316109423,
        "support": 162
    },
    "accuracy": 0.9553571428571429,
    "macro_avg": {
        "precision": 0.8601263702799761,
        "recall": 0.8589946518934216,
        "f1-score": 0.8594644967916244,
        "support": 448
    },
    "weighted_avg": {
        "precision": 0.9552420196179262,
        "recall": 0.9553571428571429,
        "f1-score": 0.9551685132164567,
        "support": 448
    },
    "micro_avg": {
        "precision": 0.9553571428571429,
        "recall": 0.9553571428571429,
        "f1-score": 0.9553571428571429
    }
}