{
    "high": {
        "precision": 0.5555555555555556,
        "recall": 0.5555555555555556,
        "f1-score": 0.5555555555555556,
        "support": 9
    },
    "low": {
        "precision": 0.907563025210084,
        "recall": 0.9557522123893806,
        "f1-score": 0.9310344827586208,
        "support": 113
    },
    "medium": {
        "precision": 0.9808917197452229,
        "recall": 0.9390243902439024,
        "f1-score": 0.9595015576323987,
        "support": 164
    },
    "normal": {
        "precision": 0.9938650306748467,
        "recall": 1.0,
        "f1-score": 0.9969230769230769,
        "support": 162
    },
    "accuracy": 0.9575892857142857,
    "macro_avg": {
        "precision": 0.8594688327964274,
        "recall": 0.8625830395472096,
        "f1-score": 0.8607536682174131,
        "support": 448
    },
    "weighted_avg": {
        "precision": 0.958542408161342,
        "recall": 0.9575892857142857,
        "f1-score": 0.9577381483593215,
        "support": 448
    },
    "micro_avg": {
        "precision": 0.9575892857142857,
        "recall": 0.9575892857142857,
        "f1-score": 0.9575892857142857
    }
}