{
    "high": {
        "precision": 0.8333333333333334,
        "recall": 0.5555555555555556,
        "f1-score": 0.6666666666666667,
        "support": 9
    },
    "low": {
        "precision": 0.9210526315789473,
        "recall": 0.9292035398230089,
        "f1-score": 0.9251101321585904,
        "support": 113
    },
    "medium": {
        "precision": 0.9570552147239264,
        "recall": 0.9512195121951219,
        "f1-score": 0.9541284403669725,
        "support": 164
    },
    "normal": {
        "precision": 0.9818181818181818,
        "recall": 1.0,
        "f1-score": 0.9908256880733944,
        "support": 162
    },
    "accuracy": 0.9553571428571429,
    "macro_avg": {
        "precision": 0.9233148403635972,
        "recall": 0.8589946518934216,
        "f1-score": 0.884182731816406,
        "support": 448
    },
    "weighted_avg": {
        "precision": 0.9544431875841305,
        "recall": 0.9553571428571429,
        "f1-score": 0.9543041754955226,
        "support": 448
    },
    "micro_avg": {
        "precision": 0.9553571428571429,
        "recall": 0.9553571428571429,
        "f1-score": 0.9553571428571429
    }
}