{
    "high": {
        "precision": 0.75,
        "recall": 0.3333333333333333,
        "f1-score": 0.46153846153846156,
        "support": 9
    },
    "low": {
        "precision": 0.944954128440367,
        "recall": 0.911504424778761,
        "f1-score": 0.9279279279279279,
        "support": 113
    },
    "medium": {
        "precision": 0.9239766081871345,
        "recall": 0.9634146341463414,
        "f1-score": 0.9432835820895521,
        "support": 164
    },
    "normal": {
        "precision": 0.9878048780487805,
        "recall": 1.0,
        "f1-score": 0.9938650306748467,
        "support": 162
    },
    "accuracy": 0.9508928571428571,
    "macro_avg": {
        "precision": 0.9016839036690705,
        "recall": 0.802063098064609,
        "f1-score": 0.8316537505576971,
        "support": 448
    },
    "weighted_avg": {
        "precision": 0.9488535055811472,
        "recall": 0.9508928571428571,
        "f1-score": 0.9480230902716824,
        "support": 448
    },
    "micro_avg": {
        "precision": 0.9508928571428571,
        "recall": 0.9508928571428571,
        "f1-score": 0.9508928571428571
    }
}