{
    "high": {
        "precision": 0.4444444444444444,
        "recall": 0.4444444444444444,
        "f1-score": 0.4444444444444444,
        "support": 9
    },
    "low": {
        "precision": 0.9272727272727272,
        "recall": 0.9026548672566371,
        "f1-score": 0.9147982062780269,
        "support": 113
    },
    "medium": {
        "precision": 0.9451219512195121,
        "recall": 0.9451219512195121,
        "f1-score": 0.945121951219512,
        "support": 164
    },
    "normal": {
        "precision": 0.9757575757575757,
        "recall": 0.9938271604938271,
        "f1-score": 0.9847094801223242,
        "support": 162
    },
    "accuracy": 0.9419642857142857,
    "macro_avg": {
        "precision": 0.8231491746735649,
        "recall": 0.8215121058536051,
        "f1-score": 0.8222685205160769,
        "support": 448
    },
    "weighted_avg": {
        "precision": 0.9416396103896103,
        "recall": 0.9419642857142857,
        "f1-score": 0.9417302077884677,
        "support": 448
    },
    "micro_avg": {
        "precision": 0.9419642857142857,
        "recall": 0.9419642857142857,
        "f1-score": 0.9419642857142857
    }
}