{
    "high": {
        "precision": 0.45454545454545453,
        "recall": 0.5555555555555556,
        "f1-score": 0.5,
        "support": 9
    },
    "low": {
        "precision": 0.9210526315789473,
        "recall": 0.9292035398230089,
        "f1-score": 0.9251101321585904,
        "support": 113
    },
    "medium": {
        "precision": 0.9743589743589743,
        "recall": 0.926829268292683,
        "f1-score": 0.9500000000000001,
        "support": 164
    },
    "normal": {
        "precision": 0.9700598802395209,
        "recall": 1.0,
        "f1-score": 0.9848024316109423,
        "support": 162
    },
    "accuracy": 0.9464285714285714,
    "macro_avg": {
        "precision": 0.8300042351807243,
        "recall": 0.8528970909178119,
        "f1-score": 0.8399781409423832,
        "support": 448
    },
    "weighted_avg": {
        "precision": 0.9489161358325989,
        "recall": 0.9464285714285714,
        "f1-score": 0.9472666045868154,
        "support": 448
    },
    "micro_avg": {
        "precision": 0.9464285714285714,
        "recall": 0.9464285714285714,
        "f1-score": 0.9464285714285714
    }
}