{
    "high": {
        "precision": 0.5,
        "recall": 0.375,
        "f1-score": 0.42857142857142855,
        "support": 8
    },
    "low": {
        "precision": 0.7755102040816326,
        "recall": 0.8837209302325582,
        "f1-score": 0.826086956521739,
        "support": 43
    },
    "medium": {
        "precision": 0.85,
        "recall": 0.6538461538461539,
        "f1-score": 0.7391304347826088,
        "support": 26
    },
    "normal": {
        "precision": 0.8333333333333334,
        "recall": 0.875,
        "f1-score": 0.8536585365853658,
        "support": 40
    },
    "accuracy": 0.7948717948717948,
    "macro_avg": {
        "precision": 0.7397108843537415,
        "recall": 0.696891771019678,
        "f1-score": 0.7118618391152856,
        "support": 117
    },
    "weighted_avg": {
        "precision": 0.7929937787080645,
        "recall": 0.7948717948717948,
        "f1-score": 0.7890089173228093,
        "support": 117
    },
    "micro_avg": {
        "precision": 0.7948717948717948,
        "recall": 0.7948717948717948,
        "f1-score": 0.7948717948717948
    }
}