{
    "high": {
        "precision": 0.2857142857142857,
        "recall": 0.2222222222222222,
        "f1-score": 0.25,
        "support": 9
    },
    "low": {
        "precision": 0.9285714285714286,
        "recall": 0.9203539823008849,
        "f1-score": 0.9244444444444444,
        "support": 113
    },
    "medium": {
        "precision": 0.9506172839506173,
        "recall": 0.9390243902439024,
        "f1-score": 0.9447852760736196,
        "support": 164
    },
    "normal": {
        "precision": 0.9700598802395209,
        "recall": 1.0,
        "f1-score": 0.9848024316109423,
        "support": 162
    },
    "accuracy": 0.9419642857142857,
    "macro_avg": {
        "precision": 0.7837407196189631,
        "recall": 0.7704001486917524,
        "f1-score": 0.7760080380322516,
        "support": 448
    },
    "weighted_avg": {
        "precision": 0.9387297659971063,
        "recall": 0.9419642857142857,
        "f1-score": 0.9401674138822956,
        "support": 448
    },
    "micro_avg": {
        "precision": 0.9419642857142857,
        "recall": 0.9419642857142857,
        "f1-score": 0.9419642857142857
    }
}