{
    "high": {
        "precision": 0.6,
        "recall": 0.375,
        "f1-score": 0.4615384615384615,
        "support": 8
    },
    "low": {
        "precision": 0.8333333333333334,
        "recall": 0.813953488372093,
        "f1-score": 0.8235294117647058,
        "support": 43
    },
    "medium": {
        "precision": 0.7083333333333334,
        "recall": 0.6538461538461539,
        "f1-score": 0.68,
        "support": 26
    },
    "normal": {
        "precision": 0.782608695652174,
        "recall": 0.9,
        "f1-score": 0.8372093023255814,
        "support": 40
    },
    "accuracy": 0.7777777777777778,
    "macro_avg": {
        "precision": 0.7310688405797101,
        "recall": 0.6856999105545617,
        "f1-score": 0.7005692939071873,
        "support": 117
    },
    "weighted_avg": {
        "precision": 0.7722593831289483,
        "recall": 0.7777777777777778,
        "f1-score": 0.7715593546257546,
        "support": 117
    },
    "micro_avg": {
        "precision": 0.7777777777777778,
        "recall": 0.7777777777777778,
        "f1-score": 0.7777777777777778
    }
}