{
    "high": {
        "precision": 0.6666666666666666,
        "recall": 0.6666666666666666,
        "f1-score": 0.6666666666666666,
        "support": 9
    },
    "low": {
        "precision": 0.8888888888888888,
        "recall": 0.9203539823008849,
        "f1-score": 0.9043478260869564,
        "support": 113
    },
    "medium": {
        "precision": 0.9565217391304348,
        "recall": 0.9390243902439024,
        "f1-score": 0.9476923076923077,
        "support": 164
    },
    "normal": {
        "precision": 0.9875776397515528,
        "recall": 0.9814814814814815,
        "f1-score": 0.9845201238390092,
        "support": 162
    },
    "accuracy": 0.9441964285714286,
    "macro_avg": {
        "precision": 0.8749137336093857,
        "recall": 0.8768816301732338,
        "f1-score": 0.875806731071235,
        "support": 448
    },
    "weighted_avg": {
        "precision": 0.9448696145124718,
        "recall": 0.9441964285714286,
        "f1-score": 0.9444310331948306,
        "support": 448
    },
    "micro_avg": {
        "precision": 0.9441964285714286,
        "recall": 0.9441964285714286,
        "f1-score": 0.9441964285714286
    }
}