{
    "high": {
        "precision": 0.6,
        "recall": 0.375,
        "f1-score": 0.4615384615384615,
        "support": 8
    },
    "low": {
        "precision": 0.7142857142857143,
        "recall": 0.9302325581395349,
        "f1-score": 0.8080808080808081,
        "support": 43
    },
    "medium": {
        "precision": 0.7619047619047619,
        "recall": 0.6153846153846154,
        "f1-score": 0.6808510638297872,
        "support": 26
    },
    "normal": {
        "precision": 0.9714285714285714,
        "recall": 0.85,
        "f1-score": 0.9066666666666667,
        "support": 40
    },
    "accuracy": 0.7948717948717948,
    "macro_avg": {
        "precision": 0.7619047619047619,
        "recall": 0.6926542933810376,
        "f1-score": 0.7142842500289309,
        "support": 117
    },
    "weighted_avg": {
        "precision": 0.8049654049654049,
        "recall": 0.7948717948717948,
        "f1-score": 0.7898168954360989,
        "support": 117
    },
    "micro_avg": {
        "precision": 0.7948717948717948,
        "recall": 0.7948717948717948,
        "f1-score": 0.7948717948717948
    }
}