{
    "high": {
        "precision": 0.5714285714285714,
        "recall": 0.4444444444444444,
        "f1-score": 0.5,
        "support": 9
    },
    "low": {
        "precision": 0.9083333333333333,
        "recall": 0.9646017699115044,
        "f1-score": 0.9356223175965666,
        "support": 113
    },
    "medium": {
        "precision": 0.967948717948718,
        "recall": 0.9207317073170732,
        "f1-score": 0.9437500000000001,
        "support": 164
    },
    "normal": {
        "precision": 0.9818181818181818,
        "recall": 1.0,
        "f1-score": 0.9908256880733944,
        "support": 162
    },
    "accuracy": 0.9508928571428571,
    "macro_avg": {
        "precision": 0.8573822011322012,
        "recall": 0.8324444804182555,
        "f1-score": 0.8425495014174903,
        "support": 448
    },
    "weighted_avg": {
        "precision": 0.9499612924278102,
        "recall": 0.9508928571428571,
        "f1-score": 0.9498082217774597,
        "support": 448
    },
    "micro_avg": {
        "precision": 0.9508928571428571,
        "recall": 0.9508928571428571,
        "f1-score": 0.9508928571428571
    }
}