{
    "high": {
        "precision": 0.5,
        "recall": 0.5555555555555556,
        "f1-score": 0.5263157894736842,
        "support": 9
    },
    "low": {
        "precision": 0.944954128440367,
        "recall": 0.911504424778761,
        "f1-score": 0.9279279279279279,
        "support": 113
    },
    "medium": {
        "precision": 0.9565217391304348,
        "recall": 0.9390243902439024,
        "f1-score": 0.9476923076923077,
        "support": 164
    },
    "normal": {
        "precision": 0.9642857142857143,
        "recall": 1.0,
        "f1-score": 0.9818181818181818,
        "support": 162
    },
    "accuracy": 0.9464285714285714,
    "macro_avg": {
        "precision": 0.841440395464129,
        "recall": 0.8515210926445548,
        "f1-score": 0.8459385517280255,
        "support": 448
    },
    "weighted_avg": {
        "precision": 0.9472403291192825,
        "recall": 0.9464285714285714,
        "f1-score": 0.9465821024044708,
        "support": 448
    },
    "micro_avg": {
        "precision": 0.9464285714285714,
        "recall": 0.9464285714285714,
        "f1-score": 0.9464285714285714
    }
}