{
    "high": {
        "precision": 0.42857142857142855,
        "recall": 0.6666666666666666,
        "f1-score": 0.5217391304347826,
        "support": 9
    },
    "low": {
        "precision": 0.9363636363636364,
        "recall": 0.911504424778761,
        "f1-score": 0.9237668161434978,
        "support": 113
    },
    "medium": {
        "precision": 0.9748427672955975,
        "recall": 0.9451219512195121,
        "f1-score": 0.9597523219814241,
        "support": 164
    },
    "normal": {
        "precision": 0.9818181818181818,
        "recall": 1.0,
        "f1-score": 0.9908256880733944,
        "support": 162
    },
    "accuracy": 0.9508928571428571,
    "macro_avg": {
        "precision": 0.8303990035122111,
        "recall": 0.880823260666235,
        "f1-score": 0.8490209891582747,
        "support": 448
    },
    "weighted_avg": {
        "precision": 0.9566852523599492,
        "recall": 0.9508928571428571,
        "f1-score": 0.9531125997119906,
        "support": 448
    },
    "micro_avg": {
        "precision": 0.9508928571428571,
        "recall": 0.9508928571428571,
        "f1-score": 0.9508928571428571
    }
}