{
    "high": {
        "precision": 0.6,
        "recall": 0.3333333333333333,
        "f1-score": 0.42857142857142855,
        "support": 9
    },
    "low": {
        "precision": 0.9298245614035088,
        "recall": 0.9380530973451328,
        "f1-score": 0.933920704845815,
        "support": 113
    },
    "medium": {
        "precision": 0.9627329192546584,
        "recall": 0.9451219512195121,
        "f1-score": 0.9538461538461539,
        "support": 164
    },
    "normal": {
        "precision": 0.9642857142857143,
        "recall": 1.0,
        "f1-score": 0.9818181818181818,
        "support": 162
    },
    "accuracy": 0.9508928571428571,
    "macro_avg": {
        "precision": 0.8642107987359704,
        "recall": 0.8041270954744946,
        "f1-score": 0.8245391172703949,
        "support": 448
    },
    "weighted_avg": {
        "precision": 0.9477068301576924,
        "recall": 0.9508928571428571,
        "f1-score": 0.948382806227756,
        "support": 448
    },
    "micro_avg": {
        "precision": 0.9508928571428571,
        "recall": 0.9508928571428571,
        "f1-score": 0.9508928571428571
    }
}