{
    "high": {
        "precision": 0.75,
        "recall": 0.3333333333333333,
        "f1-score": 0.46153846153846156,
        "support": 9
    },
    "low": {
        "precision": 0.9008264462809917,
        "recall": 0.9646017699115044,
        "f1-score": 0.9316239316239316,
        "support": 113
    },
    "medium": {
        "precision": 0.9627329192546584,
        "recall": 0.9451219512195121,
        "f1-score": 0.9538461538461539,
        "support": 164
    },
    "normal": {
        "precision": 0.9876543209876543,
        "recall": 0.9876543209876543,
        "f1-score": 0.9876543209876543,
        "support": 162
    },
    "accuracy": 0.953125,
    "macro_avg": {
        "precision": 0.9003034216308261,
        "recall": 0.807677843863001,
        "f1-score": 0.8336657169990503,
        "support": 448
    },
    "weighted_avg": {
        "precision": 0.9518562214007054,
        "recall": 0.953125,
        "f1-score": 0.95057615995116,
        "support": 448
    },
    "micro_avg": {
        "precision": 0.953125,
        "recall": 0.953125,
        "f1-score": 0.953125
    }
}