{
    "high": {
        "precision": 1.0,
        "recall": 0.25,
        "f1-score": 0.4,
        "support": 8
    },
    "low": {
        "precision": 0.7555555555555555,
        "recall": 0.7906976744186046,
        "f1-score": 0.7727272727272727,
        "support": 43
    },
    "medium": {
        "precision": 0.7037037037037037,
        "recall": 0.7307692307692307,
        "f1-score": 0.7169811320754716,
        "support": 26
    },
    "normal": {
        "precision": 0.8372093023255814,
        "recall": 0.9,
        "f1-score": 0.8674698795180723,
        "support": 40
    },
    "accuracy": 0.7777777777777778,
    "macro_avg": {
        "precision": 0.8241171403962102,
        "recall": 0.6678667262969589,
        "f1-score": 0.6892945710802042,
        "support": 117
    },
    "weighted_avg": {
        "precision": 0.7886628827197303,
        "recall": 0.7777777777777778,
        "f1-score": 0.7672442507859648,
        "support": 117
    },
    "micro_avg": {
        "precision": 0.7777777777777778,
        "recall": 0.7777777777777778,
        "f1-score": 0.7777777777777778
    }
}