{
    "high": {
        "precision": 0.5454545454545454,
        "recall": 0.6666666666666666,
        "f1-score": 0.6,
        "support": 9
    },
    "low": {
        "precision": 0.9369369369369369,
        "recall": 0.9203539823008849,
        "f1-score": 0.9285714285714286,
        "support": 113
    },
    "medium": {
        "precision": 0.9745222929936306,
        "recall": 0.9329268292682927,
        "f1-score": 0.9532710280373832,
        "support": 164
    },
    "normal": {
        "precision": 0.9585798816568047,
        "recall": 1.0,
        "f1-score": 0.9788519637462235,
        "support": 162
    },
    "accuracy": 0.9486607142857143,
    "macro_avg": {
        "precision": 0.8538734142604794,
        "recall": 0.8799868695589611,
        "f1-score": 0.8651736050887587,
        "support": 448
    },
    "weighted_avg": {
        "precision": 0.9506575037105414,
        "recall": 0.9486607142857143,
        "f1-score": 0.9491942815928359,
        "support": 448
    },
    "micro_avg": {
        "precision": 0.9486607142857143,
        "recall": 0.9486607142857143,
        "f1-score": 0.9486607142857143
    }
}