{
    "high": {
        "precision": 0.7142857142857143,
        "recall": 0.5555555555555556,
        "f1-score": 0.6250000000000001,
        "support": 9
    },
    "low": {
        "precision": 0.9067796610169492,
        "recall": 0.9469026548672567,
        "f1-score": 0.9264069264069263,
        "support": 113
    },
    "medium": {
        "precision": 0.9683544303797469,
        "recall": 0.9329268292682927,
        "f1-score": 0.9503105590062113,
        "support": 164
    },
    "normal": {
        "precision": 0.9818181818181818,
        "recall": 1.0,
        "f1-score": 0.9908256880733944,
        "support": 162
    },
    "accuracy": 0.953125,
    "macro_avg": {
        "precision": 0.892809496875148,
        "recall": 0.8588462599227763,
        "f1-score": 0.8731357933716329,
        "support": 448
    },
    "weighted_avg": {
        "precision": 0.9525878240185505,
        "recall": 0.953125,
        "f1-score": 0.9523965978323464,
        "support": 448
    },
    "micro_avg": {
        "precision": 0.953125,
        "recall": 0.953125,
        "f1-score": 0.953125
    }
}