{
    "high": {
        "precision": 0.625,
        "recall": 0.5555555555555556,
        "f1-score": 0.5882352941176471,
        "support": 9
    },
    "low": {
        "precision": 0.8907563025210085,
        "recall": 0.9380530973451328,
        "f1-score": 0.9137931034482759,
        "support": 113
    },
    "medium": {
        "precision": 0.9743589743589743,
        "recall": 0.926829268292683,
        "f1-score": 0.9500000000000001,
        "support": 164
    },
    "normal": {
        "precision": 0.9818181818181818,
        "recall": 1.0,
        "f1-score": 0.9908256880733944,
        "support": 162
    },
    "accuracy": 0.9486607142857143,
    "macro_avg": {
        "precision": 0.8679833646745412,
        "recall": 0.8551094802983428,
        "f1-score": 0.8607135214098294,
        "support": 448
    },
    "weighted_avg": {
        "precision": 0.9489506237372572,
        "recall": 0.9486607142857143,
        "f1-score": 0.9483627227781337,
        "support": 448
    },
    "micro_avg": {
        "precision": 0.9486607142857143,
        "recall": 0.9486607142857143,
        "f1-score": 0.9486607142857143
    }
}