{
    "high": {
        "precision": 0.5714285714285714,
        "recall": 0.4444444444444444,
        "f1-score": 0.5,
        "support": 9
    },
    "low": {
        "precision": 0.9279279279279279,
        "recall": 0.911504424778761,
        "f1-score": 0.9196428571428571,
        "support": 113
    },
    "medium": {
        "precision": 0.950920245398773,
        "recall": 0.9451219512195121,
        "f1-score": 0.948012232415902,
        "support": 164
    },
    "normal": {
        "precision": 0.9700598802395209,
        "recall": 1.0,
        "f1-score": 0.9848024316109423,
        "support": 162
    },
    "accuracy": 0.9464285714285714,
    "macro_avg": {
        "precision": 0.8550841562486983,
        "recall": 0.8252677051106794,
        "f1-score": 0.8381143802924254,
        "support": 448
    },
    "weighted_avg": {
        "precision": 0.9444181558993618,
        "recall": 0.9464285714285714,
        "f1-score": 0.9451599171748291,
        "support": 448
    },
    "micro_avg": {
        "precision": 0.9464285714285714,
        "recall": 0.9464285714285714,
        "f1-score": 0.9464285714285714
    }
}