{
    "high": {
        "precision": 0.4166666666666667,
        "recall": 0.5555555555555556,
        "f1-score": 0.4761904761904762,
        "support": 9
    },
    "low": {
        "precision": 0.9130434782608695,
        "recall": 0.9292035398230089,
        "f1-score": 0.9210526315789473,
        "support": 113
    },
    "medium": {
        "precision": 0.9685534591194969,
        "recall": 0.9390243902439024,
        "f1-score": 0.9535603715170279,
        "support": 164
    },
    "normal": {
        "precision": 0.9876543209876543,
        "recall": 0.9876543209876543,
        "f1-score": 0.9876543209876543,
        "support": 162
    },
    "accuracy": 0.9464285714285714,
    "macro_avg": {
        "precision": 0.8214794812586719,
        "recall": 0.8528594516525303,
        "f1-score": 0.8346144500685264,
        "support": 448
    },
    "weighted_avg": {
        "precision": 0.950372054328294,
        "recall": 0.9464285714285714,
        "f1-score": 0.9480994700511783,
        "support": 448
    },
    "micro_avg": {
        "precision": 0.9464285714285714,
        "recall": 0.9464285714285714,
        "f1-score": 0.9464285714285714
    }
}