{
    "high": {
        "precision": 0.5,
        "recall": 0.2222222222222222,
        "f1-score": 0.30769230769230765,
        "support": 9
    },
    "low": {
        "precision": 0.9203539823008849,
        "recall": 0.9203539823008849,
        "f1-score": 0.9203539823008849,
        "support": 113
    },
    "medium": {
        "precision": 0.9451219512195121,
        "recall": 0.9451219512195121,
        "f1-score": 0.945121951219512,
        "support": 164
    },
    "normal": {
        "precision": 0.9700598802395209,
        "recall": 1.0,
        "f1-score": 0.9848024316109423,
        "support": 162
    },
    "accuracy": 0.9441964285714286,
    "macro_avg": {
        "precision": 0.8338839534399795,
        "recall": 0.7719245389356548,
        "f1-score": 0.7894926682059117,
        "support": 448
    },
    "weighted_avg": {
        "precision": 0.9389502245508982,
        "recall": 0.9441964285714286,
        "f1-score": 0.9404179122549182,
        "support": 448
    },
    "micro_avg": {
        "precision": 0.9441964285714286,
        "recall": 0.9441964285714286,
        "f1-score": 0.9441964285714286
    }
}