{
    "high": {
        "precision": 0.5,
        "recall": 0.4444444444444444,
        "f1-score": 0.47058823529411764,
        "support": 9
    },
    "low": {
        "precision": 0.9217391304347826,
        "recall": 0.9380530973451328,
        "f1-score": 0.9298245614035088,
        "support": 113
    },
    "medium": {
        "precision": 0.9748427672955975,
        "recall": 0.9451219512195121,
        "f1-score": 0.9597523219814241,
        "support": 164
    },
    "normal": {
        "precision": 0.9759036144578314,
        "recall": 1.0,
        "f1-score": 0.9878048780487805,
        "support": 162
    },
    "accuracy": 0.953125,
    "macro_avg": {
        "precision": 0.8431213780470529,
        "recall": 0.8319048732522722,
        "f1-score": 0.8369924991819577,
        "support": 448
    },
    "weighted_avg": {
        "precision": 0.9522926810664669,
        "recall": 0.953125,
        "f1-score": 0.9525206263506687,
        "support": 448
    },
    "micro_avg": {
        "precision": 0.953125,
        "recall": 0.953125,
        "f1-score": 0.953125
    }
}