{
    "high": {
        "precision": 0.5,
        "recall": 0.4444444444444444,
        "f1-score": 0.47058823529411764,
        "support": 9
    },
    "low": {
        "precision": 0.9067796610169492,
        "recall": 0.9469026548672567,
        "f1-score": 0.9264069264069263,
        "support": 113
    },
    "medium": {
        "precision": 0.9685534591194969,
        "recall": 0.9390243902439024,
        "f1-score": 0.9535603715170279,
        "support": 164
    },
    "normal": {
        "precision": 0.9877300613496932,
        "recall": 0.9938271604938271,
        "f1-score": 0.9907692307692307,
        "support": 162
    },
    "accuracy": 0.9508928571428571,
    "macro_avg": {
        "precision": 0.8407657953715348,
        "recall": 0.8310496625123577,
        "f1-score": 0.8353311909968256,
        "support": 448
    },
    "weighted_avg": {
        "precision": 0.9504936136811674,
        "recall": 0.9508928571428571,
        "f1-score": 0.950463823917495,
        "support": 448
    },
    "micro_avg": {
        "precision": 0.9508928571428571,
        "recall": 0.9508928571428571,
        "f1-score": 0.9508928571428571
    }
}