{
    "high": {
        "precision": 0.6,
        "recall": 0.6666666666666666,
        "f1-score": 0.631578947368421,
        "support": 9
    },
    "low": {
        "precision": 0.905982905982906,
        "recall": 0.9380530973451328,
        "f1-score": 0.9217391304347826,
        "support": 113
    },
    "medium": {
        "precision": 0.9808917197452229,
        "recall": 0.9390243902439024,
        "f1-score": 0.9595015576323987,
        "support": 164
    },
    "normal": {
        "precision": 0.9817073170731707,
        "recall": 0.9938271604938271,
        "f1-score": 0.9877300613496932,
        "support": 162
    },
    "accuracy": 0.953125,
    "macro_avg": {
        "precision": 0.8671454857003249,
        "recall": 0.8843928286873822,
        "f1-score": 0.8751374241963239,
        "support": 448
    },
    "weighted_avg": {
        "precision": 0.9546403923663809,
        "recall": 0.953125,
        "f1-score": 0.953596557267433,
        "support": 448
    },
    "micro_avg": {
        "precision": 0.953125,
        "recall": 0.953125,
        "f1-score": 0.953125
    }
}