{
    "high": {
        "precision": 0.5,
        "recall": 0.6666666666666666,
        "f1-score": 0.5714285714285715,
        "support": 9
    },
    "low": {
        "precision": 0.8983050847457628,
        "recall": 0.9380530973451328,
        "f1-score": 0.9177489177489178,
        "support": 113
    },
    "medium": {
        "precision": 1.0,
        "recall": 0.9146341463414634,
        "f1-score": 0.9554140127388536,
        "support": 164
    },
    "normal": {
        "precision": 0.9642857142857143,
        "recall": 1.0,
        "f1-score": 0.9818181818181818,
        "support": 162
    },
    "accuracy": 0.9464285714285714,
    "macro_avg": {
        "precision": 0.8406476997578693,
        "recall": 0.8798384775883157,
        "f1-score": 0.8566024209336313,
        "support": 448
    },
    "weighted_avg": {
        "precision": 0.9513900899342788,
        "recall": 0.9464285714285714,
        "f1-score": 0.9477476080183088,
        "support": 448
    },
    "micro_avg": {
        "precision": 0.9464285714285714,
        "recall": 0.9464285714285714,
        "f1-score": 0.9464285714285714
    }
}