{
    "high": {
        "precision": 0.6,
        "recall": 0.375,
        "f1-score": 0.4615384615384615,
        "support": 8
    },
    "low": {
        "precision": 0.7307692307692307,
        "recall": 0.8837209302325582,
        "f1-score": 0.8,
        "support": 43
    },
    "medium": {
        "precision": 0.7391304347826086,
        "recall": 0.6538461538461539,
        "f1-score": 0.693877551020408,
        "support": 26
    },
    "normal": {
        "precision": 0.918918918918919,
        "recall": 0.85,
        "f1-score": 0.8831168831168831,
        "support": 40
    },
    "accuracy": 0.7863247863247863,
    "macro_avg": {
        "precision": 0.7472046461176896,
        "recall": 0.690641771019678,
        "f1-score": 0.7096332239189381,
        "support": 117
    },
    "weighted_avg": {
        "precision": 0.7880104699502692,
        "recall": 0.7863247863247863,
        "f1-score": 0.7816905926796036,
        "support": 117
    },
    "micro_avg": {
        "precision": 0.7863247863247863,
        "recall": 0.7863247863247863,
        "f1-score": 0.7863247863247863
    }
}