{
    "high": {
        "precision": 0.5,
        "recall": 0.3333333333333333,
        "f1-score": 0.4,
        "support": 9
    },
    "low": {
        "precision": 0.9043478260869565,
        "recall": 0.9203539823008849,
        "f1-score": 0.9122807017543859,
        "support": 113
    },
    "medium": {
        "precision": 0.9447852760736196,
        "recall": 0.9390243902439024,
        "f1-score": 0.9418960244648318,
        "support": 164
    },
    "normal": {
        "precision": 0.9817073170731707,
        "recall": 0.9938271604938271,
        "f1-score": 0.9877300613496932,
        "support": 162
    },
    "accuracy": 0.9419642857142857,
    "macro_avg": {
        "precision": 0.8327101048084367,
        "recall": 0.7966347165929869,
        "f1-score": 0.8104766968922278,
        "support": 448
    },
    "weighted_avg": {
        "precision": 0.9390015066735565,
        "recall": 0.9419642857142857,
        "f1-score": 0.9401136992168043,
        "support": 448
    },
    "micro_avg": {
        "precision": 0.9419642857142857,
        "recall": 0.9419642857142857,
        "f1-score": 0.9419642857142857
    }
}