{
    "high": {
        "precision": 0.2727272727272727,
        "recall": 0.375,
        "f1-score": 0.3157894736842105,
        "support": 8
    },
    "low": {
        "precision": 0.8837209302325582,
        "recall": 0.8837209302325582,
        "f1-score": 0.8837209302325582,
        "support": 43
    },
    "medium": {
        "precision": 0.7619047619047619,
        "recall": 0.6153846153846154,
        "f1-score": 0.6808510638297872,
        "support": 26
    },
    "normal": {
        "precision": 0.8333333333333334,
        "recall": 0.875,
        "f1-score": 0.8536585365853658,
        "support": 40
    },
    "accuracy": 0.7863247863247863,
    "macro_avg": {
        "precision": 0.6879215745494816,
        "recall": 0.6872763864042934,
        "f1-score": 0.6835050010829804,
        "support": 117
    },
    "weighted_avg": {
        "precision": 0.7976467976467977,
        "recall": 0.7863247863247863,
        "f1-score": 0.7895280761748956,
        "support": 117
    },
    "micro_avg": {
        "precision": 0.7863247863247863,
        "recall": 0.7863247863247863,
        "f1-score": 0.7863247863247863
    }
}