{
    "high": {
        "precision": 0.5555555555555556,
        "recall": 0.5555555555555556,
        "f1-score": 0.5555555555555556,
        "support": 9
    },
    "low": {
        "precision": 0.9298245614035088,
        "recall": 0.9380530973451328,
        "f1-score": 0.933920704845815,
        "support": 113
    },
    "medium": {
        "precision": 0.9627329192546584,
        "recall": 0.9451219512195121,
        "f1-score": 0.9538461538461539,
        "support": 164
    },
    "normal": {
        "precision": 0.9878048780487805,
        "recall": 1.0,
        "f1-score": 0.9938650306748467,
        "support": 162
    },
    "accuracy": 0.9553571428571429,
    "macro_avg": {
        "precision": 0.8589794785656258,
        "recall": 0.8596826510300501,
        "f1-score": 0.8592968612305928,
        "support": 448
    },
    "weighted_avg": {
        "precision": 0.955318670625587,
        "recall": 0.9553571428571429,
        "f1-score": 0.9552900532314096,
        "support": 448
    },
    "micro_avg": {
        "precision": 0.9553571428571429,
        "recall": 0.9553571428571429,
        "f1-score": 0.9553571428571429
    }
}