{
    "high": {
        "precision": 0.0,
        "recall": 0.0,
        "f1-score": 0.0,
        "support": 8
    },
    "low": {
        "precision": 0.7636363636363637,
        "recall": 0.9767441860465116,
        "f1-score": 0.8571428571428571,
        "support": 43
    },
    "medium": {
        "precision": 0.72,
        "recall": 0.6923076923076923,
        "f1-score": 0.7058823529411765,
        "support": 26
    },
    "normal": {
        "precision": 0.918918918918919,
        "recall": 0.85,
        "f1-score": 0.8831168831168831,
        "support": 40
    },
    "accuracy": 0.8034188034188035,
    "macro_avg": {
        "precision": 0.6006388206388207,
        "recall": 0.6297629695885509,
        "f1-score": 0.6115355233002292,
        "support": 117
    },
    "weighted_avg": {
        "precision": 0.7548129948129948,
        "recall": 0.8034188034188035,
        "f1-score": 0.7738013620366562,
        "support": 117
    },
    "micro_avg": {
        "precision": 0.8034188034188035,
        "recall": 0.8034188034188035,
        "f1-score": 0.8034188034188035
    }
}