{
    "high": {
        "precision": 0.5,
        "recall": 0.125,
        "f1-score": 0.2,
        "support": 8
    },
    "low": {
        "precision": 0.7222222222222222,
        "recall": 0.9069767441860465,
        "f1-score": 0.8041237113402061,
        "support": 43
    },
    "medium": {
        "precision": 0.7,
        "recall": 0.5384615384615384,
        "f1-score": 0.608695652173913,
        "support": 26
    },
    "normal": {
        "precision": 0.8536585365853658,
        "recall": 0.875,
        "f1-score": 0.8641975308641976,
        "support": 40
    },
    "accuracy": 0.7606837606837606,
    "macro_avg": {
        "precision": 0.6939701897018971,
        "recall": 0.6113595706618962,
        "f1-score": 0.6192542235945793,
        "support": 117
    },
    "weighted_avg": {
        "precision": 0.7470247608458992,
        "recall": 0.7606837606837606,
        "f1-score": 0.7399257075104145,
        "support": 117
    },
    "micro_avg": {
        "precision": 0.7606837606837606,
        "recall": 0.7606837606837606,
        "f1-score": 0.7606837606837606
    }
}