{
    "high": {
        "precision": 0.5,
        "recall": 0.25,
        "f1-score": 0.3333333333333333,
        "support": 8
    },
    "low": {
        "precision": 0.8536585365853658,
        "recall": 0.813953488372093,
        "f1-score": 0.8333333333333333,
        "support": 43
    },
    "medium": {
        "precision": 0.6785714285714286,
        "recall": 0.7307692307692307,
        "f1-score": 0.7037037037037038,
        "support": 26
    },
    "normal": {
        "precision": 0.8409090909090909,
        "recall": 0.925,
        "f1-score": 0.8809523809523809,
        "support": 40
    },
    "accuracy": 0.7948717948717948,
    "macro_avg": {
        "precision": 0.7182847640164713,
        "recall": 0.6799306797853311,
        "f1-score": 0.6878306878306878,
        "support": 117
    },
    "weighted_avg": {
        "precision": 0.7862097252341155,
        "recall": 0.7948717948717948,
        "f1-score": 0.7866187310631755,
        "support": 117
    },
    "micro_avg": {
        "precision": 0.7948717948717948,
        "recall": 0.7948717948717948,
        "f1-score": 0.7948717948717948
    }
}