{
    "high": {
        "precision": 0.5,
        "recall": 0.25,
        "f1-score": 0.3333333333333333,
        "support": 8
    },
    "low": {
        "precision": 0.7169811320754716,
        "recall": 0.8837209302325582,
        "f1-score": 0.7916666666666666,
        "support": 43
    },
    "medium": {
        "precision": 0.6666666666666666,
        "recall": 0.5384615384615384,
        "f1-score": 0.5957446808510638,
        "support": 26
    },
    "normal": {
        "precision": 0.8974358974358975,
        "recall": 0.875,
        "f1-score": 0.8860759493670887,
        "support": 40
    },
    "accuracy": 0.7606837606837606,
    "macro_avg": {
        "precision": 0.6952709240445089,
        "recall": 0.6367956171735242,
        "f1-score": 0.6517051575545381,
        "support": 117
    },
    "weighted_avg": {
        "precision": 0.7526577599146539,
        "recall": 0.7606837606837606,
        "f1-score": 0.7490660941037995,
        "support": 117
    },
    "micro_avg": {
        "precision": 0.7606837606837606,
        "recall": 0.7606837606837606,
        "f1-score": 0.7606837606837606
    }
}