{
    "high": {
        "precision": 0.5454545454545454,
        "recall": 0.6666666666666666,
        "f1-score": 0.6,
        "support": 9
    },
    "low": {
        "precision": 0.9051724137931034,
        "recall": 0.9292035398230089,
        "f1-score": 0.9170305676855894,
        "support": 113
    },
    "medium": {
        "precision": 0.9807692307692307,
        "recall": 0.9329268292682927,
        "f1-score": 0.95625,
        "support": 164
    },
    "normal": {
        "precision": 0.9818181818181818,
        "recall": 1.0,
        "f1-score": 0.9908256880733944,
        "support": 162
    },
    "accuracy": 0.9508928571428571,
    "macro_avg": {
        "precision": 0.8533035929587653,
        "recall": 0.882199258939492,
        "f1-score": 0.8660265639397459,
        "support": 448
    },
    "weighted_avg": {
        "precision": 0.95333543073306,
        "recall": 0.9508928571428571,
        "f1-score": 0.9517036062865214,
        "support": 448
    },
    "micro_avg": {
        "precision": 0.9508928571428571,
        "recall": 0.9508928571428571,
        "f1-score": 0.9508928571428571
    }
}