{
    "high": {
        "precision": 0.4,
        "recall": 0.25,
        "f1-score": 0.3076923076923077,
        "support": 8
    },
    "low": {
        "precision": 0.7755102040816326,
        "recall": 0.8837209302325582,
        "f1-score": 0.826086956521739,
        "support": 43
    },
    "medium": {
        "precision": 0.72,
        "recall": 0.6923076923076923,
        "f1-score": 0.7058823529411765,
        "support": 26
    },
    "normal": {
        "precision": 0.868421052631579,
        "recall": 0.825,
        "f1-score": 0.8461538461538461,
        "support": 40
    },
    "accuracy": 0.7777777777777778,
    "macro_avg": {
        "precision": 0.6909828141783029,
        "recall": 0.6627571556350627,
        "f1-score": 0.6714538658272674,
        "support": 117
    },
    "weighted_avg": {
        "precision": 0.7692630844510544,
        "recall": 0.7777777777777778,
        "f1-score": 0.770789509526476,
        "support": 117
    },
    "micro_avg": {
        "precision": 0.7777777777777778,
        "recall": 0.7777777777777778,
        "f1-score": 0.7777777777777778
    }
}