{
    "high": {
        "precision": 0.25,
        "recall": 0.125,
        "f1-score": 0.16666666666666666,
        "support": 8
    },
    "low": {
        "precision": 0.782608695652174,
        "recall": 0.8372093023255814,
        "f1-score": 0.8089887640449438,
        "support": 43
    },
    "medium": {
        "precision": 0.6923076923076923,
        "recall": 0.6923076923076923,
        "f1-score": 0.6923076923076923,
        "support": 26
    },
    "normal": {
        "precision": 0.8536585365853658,
        "recall": 0.875,
        "f1-score": 0.8641975308641976,
        "support": 40
    },
    "accuracy": 0.7692307692307693,
    "macro_avg": {
        "precision": 0.644643731136308,
        "recall": 0.6323792486583184,
        "f1-score": 0.6330401634708751,
        "support": 117
    },
    "weighted_avg": {
        "precision": 0.7504146613372489,
        "recall": 0.7692307692307693,
        "f1-score": 0.7580149694173831,
        "support": 117
    },
    "micro_avg": {
        "precision": 0.7692307692307693,
        "recall": 0.7692307692307693,
        "f1-score": 0.7692307692307693
    }
}