{
    "high": {
        "precision": 0.7142857142857143,
        "recall": 0.5555555555555556,
        "f1-score": 0.6250000000000001,
        "support": 9
    },
    "low": {
        "precision": 0.9369369369369369,
        "recall": 0.9203539823008849,
        "f1-score": 0.9285714285714286,
        "support": 113
    },
    "medium": {
        "precision": 0.9515151515151515,
        "recall": 0.9573170731707317,
        "f1-score": 0.9544072948328268,
        "support": 164
    },
    "normal": {
        "precision": 0.9757575757575757,
        "recall": 0.9938271604938271,
        "f1-score": 0.9847094801223242,
        "support": 162
    },
    "accuracy": 0.953125,
    "macro_avg": {
        "precision": 0.8946238446238446,
        "recall": 0.8567634428802499,
        "f1-score": 0.873172050881645,
        "support": 448
    },
    "weighted_avg": {
        "precision": 0.9518385210349496,
        "recall": 0.953125,
        "f1-score": 0.9522305883057401,
        "support": 448
    },
    "micro_avg": {
        "precision": 0.953125,
        "recall": 0.953125,
        "f1-score": 0.953125
    }
}