{
    "high": {
        "precision": 0.5555555555555556,
        "recall": 0.5555555555555556,
        "f1-score": 0.5555555555555556,
        "support": 9
    },
    "low": {
        "precision": 0.9292035398230089,
        "recall": 0.9292035398230089,
        "f1-score": 0.9292035398230089,
        "support": 113
    },
    "medium": {
        "precision": 0.9567901234567902,
        "recall": 0.9451219512195121,
        "f1-score": 0.9509202453987731,
        "support": 164
    },
    "normal": {
        "precision": 0.9878048780487805,
        "recall": 1.0,
        "f1-score": 0.9938650306748467,
        "support": 162
    },
    "accuracy": 0.953125,
    "macro_avg": {
        "precision": 0.8573385242210337,
        "recall": 0.8574702616495191,
        "f1-score": 0.857386092863046,
        "support": 448
    },
    "weighted_avg": {
        "precision": 0.952986541274143,
        "recall": 0.953125,
        "f1-score": 0.9530291411042945,
        "support": 448
    },
    "micro_avg": {
        "precision": 0.953125,
        "recall": 0.953125,
        "f1-score": 0.953125
    }
}