{
    "high": {
        "precision": 0.5,
        "recall": 0.5555555555555556,
        "f1-score": 0.5263157894736842,
        "support": 9
    },
    "low": {
        "precision": 0.9137931034482759,
        "recall": 0.9380530973451328,
        "f1-score": 0.925764192139738,
        "support": 113
    },
    "medium": {
        "precision": 0.9745222929936306,
        "recall": 0.9329268292682927,
        "f1-score": 0.9532710280373832,
        "support": 164
    },
    "normal": {
        "precision": 0.9818181818181818,
        "recall": 1.0,
        "f1-score": 0.9908256880733944,
        "support": 162
    },
    "accuracy": 0.9508928571428571,
    "macro_avg": {
        "precision": 0.8425333945650221,
        "recall": 0.8566338705422453,
        "f1-score": 0.84904417443105,
        "support": 448
    },
    "weighted_avg": {
        "precision": 0.9523098709713305,
        "recall": 0.9508928571428571,
        "f1-score": 0.9513357274175765,
        "support": 448
    },
    "micro_avg": {
        "precision": 0.9508928571428571,
        "recall": 0.9508928571428571,
        "f1-score": 0.9508928571428571
    }
}