{
    "high": {
        "precision": 0.6,
        "recall": 0.375,
        "f1-score": 0.4615384615384615,
        "support": 8
    },
    "low": {
        "precision": 0.8378378378378378,
        "recall": 0.7209302325581395,
        "f1-score": 0.7749999999999999,
        "support": 43
    },
    "medium": {
        "precision": 0.625,
        "recall": 0.7692307692307693,
        "f1-score": 0.6896551724137931,
        "support": 26
    },
    "normal": {
        "precision": 0.813953488372093,
        "recall": 0.875,
        "f1-score": 0.8433734939759036,
        "support": 40
    },
    "accuracy": 0.7606837606837606,
    "macro_avg": {
        "precision": 0.7191978315524827,
        "recall": 0.6850402504472272,
        "f1-score": 0.6923917819820395,
        "support": 117
    },
    "weighted_avg": {
        "precision": 0.7661125347171859,
        "recall": 0.7606837606837606,
        "f1-score": 0.7579767686675425,
        "support": 117
    },
    "micro_avg": {
        "precision": 0.7606837606837606,
        "recall": 0.7606837606837606,
        "f1-score": 0.7606837606837606
    }
}