{
    "high": {
        "precision": 0.5,
        "recall": 0.5555555555555556,
        "f1-score": 0.5263157894736842,
        "support": 9
    },
    "low": {
        "precision": 0.9285714285714286,
        "recall": 0.9203539823008849,
        "f1-score": 0.9244444444444444,
        "support": 113
    },
    "medium": {
        "precision": 0.9625,
        "recall": 0.9390243902439024,
        "f1-score": 0.9506172839506174,
        "support": 164
    },
    "normal": {
        "precision": 0.9759036144578314,
        "recall": 1.0,
        "f1-score": 0.9878048780487805,
        "support": 162
    },
    "accuracy": 0.9486607142857143,
    "macro_avg": {
        "precision": 0.841743760757315,
        "recall": 0.8537334820250857,
        "f1-score": 0.8472955989793817,
        "support": 448
    },
    "weighted_avg": {
        "precision": 0.9494976718096877,
        "recall": 0.9486607142857143,
        "f1-score": 0.9489390382573417,
        "support": 448
    },
    "micro_avg": {
        "precision": 0.9486607142857143,
        "recall": 0.9486607142857143,
        "f1-score": 0.9486607142857143
    }
}