{
    "high": {
        "precision": 1.0,
        "recall": 0.25,
        "f1-score": 0.4,
        "support": 8
    },
    "low": {
        "precision": 0.7272727272727273,
        "recall": 0.9302325581395349,
        "f1-score": 0.8163265306122448,
        "support": 43
    },
    "medium": {
        "precision": 0.7727272727272727,
        "recall": 0.6538461538461539,
        "f1-score": 0.7083333333333333,
        "support": 26
    },
    "normal": {
        "precision": 0.8947368421052632,
        "recall": 0.85,
        "f1-score": 0.8717948717948718,
        "support": 40
    },
    "accuracy": 0.7948717948717948,
    "macro_avg": {
        "precision": 0.8486842105263158,
        "recall": 0.6710196779964221,
        "f1-score": 0.6991136839351124,
        "support": 117
    },
    "weighted_avg": {
        "precision": 0.8132744448533923,
        "recall": 0.7948717948717948,
        "f1-score": 0.7828248064511801,
        "support": 117
    },
    "micro_avg": {
        "precision": 0.7948717948717948,
        "recall": 0.7948717948717948,
        "f1-score": 0.7948717948717948
    }
}