{
    "high": {
        "precision": 0.625,
        "recall": 0.5555555555555556,
        "f1-score": 0.5882352941176471,
        "support": 9
    },
    "low": {
        "precision": 0.9067796610169492,
        "recall": 0.9469026548672567,
        "f1-score": 0.9264069264069263,
        "support": 113
    },
    "medium": {
        "precision": 0.9683544303797469,
        "recall": 0.9329268292682927,
        "f1-score": 0.9503105590062113,
        "support": 164
    },
    "normal": {
        "precision": 0.9817073170731707,
        "recall": 0.9938271604938271,
        "f1-score": 0.9877300613496932,
        "support": 162
    },
    "accuracy": 0.9508928571428571,
    "macro_avg": {
        "precision": 0.8704603521174668,
        "recall": 0.8573030500462331,
        "f1-score": 0.8631707102201196,
        "support": 448
    },
    "weighted_avg": {
        "precision": 0.9507540483103737,
        "recall": 0.9508928571428571,
        "f1-score": 0.9505386204167644,
        "support": 448
    },
    "micro_avg": {
        "precision": 0.9508928571428571,
        "recall": 0.9508928571428571,
        "f1-score": 0.9508928571428571
    }
}