{
    "high": {
        "precision": 0.8333333333333334,
        "recall": 0.5555555555555556,
        "f1-score": 0.6666666666666667,
        "support": 9
    },
    "low": {
        "precision": 0.907563025210084,
        "recall": 0.9557522123893806,
        "f1-score": 0.9310344827586208,
        "support": 113
    },
    "medium": {
        "precision": 0.9685534591194969,
        "recall": 0.9390243902439024,
        "f1-score": 0.9535603715170279,
        "support": 164
    },
    "normal": {
        "precision": 0.9878048780487805,
        "recall": 1.0,
        "f1-score": 0.9938650306748467,
        "support": 162
    },
    "accuracy": 0.9575892857142857,
    "macro_avg": {
        "precision": 0.9243136739279237,
        "recall": 0.8625830395472096,
        "f1-score": 0.8862816379042905,
        "support": 448
    },
    "weighted_avg": {
        "precision": 0.957414686134463,
        "recall": 0.9575892857142857,
        "f1-score": 0.9566895813612541,
        "support": 448
    },
    "micro_avg": {
        "precision": 0.9575892857142857,
        "recall": 0.9575892857142857,
        "f1-score": 0.9575892857142857
    }
}