{
    "high": {
        "precision": 0.4,
        "recall": 0.25,
        "f1-score": 0.3076923076923077,
        "support": 8
    },
    "low": {
        "precision": 0.75,
        "recall": 0.9069767441860465,
        "f1-score": 0.8210526315789475,
        "support": 43
    },
    "medium": {
        "precision": 0.8095238095238095,
        "recall": 0.6538461538461539,
        "f1-score": 0.7234042553191489,
        "support": 26
    },
    "normal": {
        "precision": 0.8974358974358975,
        "recall": 0.875,
        "f1-score": 0.8860759493670887,
        "support": 40
    },
    "accuracy": 0.7948717948717948,
    "macro_avg": {
        "precision": 0.7142399267399268,
        "recall": 0.67145572450805,
        "f1-score": 0.6845562859893732,
        "support": 117
    },
    "weighted_avg": {
        "precision": 0.789701324316709,
        "recall": 0.7948717948717948,
        "f1-score": 0.7864816259180737,
        "support": 117
    },
    "micro_avg": {
        "precision": 0.7948717948717948,
        "recall": 0.7948717948717948,
        "f1-score": 0.7948717948717948
    }
}