{
    "high": {
        "precision": 0.42857142857142855,
        "recall": 0.375,
        "f1-score": 0.39999999999999997,
        "support": 8
    },
    "low": {
        "precision": 0.7659574468085106,
        "recall": 0.8372093023255814,
        "f1-score": 0.8,
        "support": 43
    },
    "medium": {
        "precision": 0.6923076923076923,
        "recall": 0.6923076923076923,
        "f1-score": 0.6923076923076923,
        "support": 26
    },
    "normal": {
        "precision": 0.918918918918919,
        "recall": 0.85,
        "f1-score": 0.8831168831168831,
        "support": 40
    },
    "accuracy": 0.7777777777777778,
    "macro_avg": {
        "precision": 0.7014388716516377,
        "recall": 0.6886292486583184,
        "f1-score": 0.6938561438561438,
        "support": 117
    },
    "weighted_avg": {
        "precision": 0.7788162256247363,
        "recall": 0.7777777777777778,
        "f1-score": 0.7771339771339771,
        "support": 117
    },
    "micro_avg": {
        "precision": 0.7777777777777778,
        "recall": 0.7777777777777778,
        "f1-score": 0.7777777777777778
    }
}