{
    "high": {
        "precision": 0.6666666666666666,
        "recall": 0.6666666666666666,
        "f1-score": 0.6666666666666666,
        "support": 9
    },
    "low": {
        "precision": 0.9,
        "recall": 0.8761061946902655,
        "f1-score": 0.8878923766816144,
        "support": 113
    },
    "medium": {
        "precision": 0.9390243902439024,
        "recall": 0.9390243902439024,
        "f1-score": 0.9390243902439024,
        "support": 164
    },
    "normal": {
        "precision": 0.9757575757575757,
        "recall": 0.9938271604938271,
        "f1-score": 0.9847094801223242,
        "support": 162
    },
    "accuracy": 0.9375,
    "macro_avg": {
        "precision": 0.8703621581670362,
        "recall": 0.8689061030236654,
        "f1-score": 0.8695732284286269,
        "support": 448
    },
    "weighted_avg": {
        "precision": 0.9369926948051948,
        "recall": 0.9375,
        "f1-score": 0.9371758355911582,
        "support": 448
    },
    "micro_avg": {
        "precision": 0.9375,
        "recall": 0.9375,
        "f1-score": 0.9375
    }
}