{
    "high": {
        "precision": 0.0,
        "recall": 0.0,
        "f1-score": 0.0,
        "support": 8
    },
    "low": {
        "precision": 0.7659574468085106,
        "recall": 0.8372093023255814,
        "f1-score": 0.8,
        "support": 43
    },
    "medium": {
        "precision": 0.6486486486486487,
        "recall": 0.9230769230769231,
        "f1-score": 0.7619047619047619,
        "support": 26
    },
    "normal": {
        "precision": 0.9393939393939394,
        "recall": 0.775,
        "f1-score": 0.8493150684931509,
        "support": 40
    },
    "accuracy": 0.7777777777777778,
    "macro_avg": {
        "precision": 0.5885000087127747,
        "recall": 0.6338215563506261,
        "f1-score": 0.6028049575994782,
        "support": 117
    },
    "weighted_avg": {
        "precision": 0.7468101936187044,
        "recall": 0.7777777777777778,
        "f1-score": 0.7536933893098278,
        "support": 117
    },
    "micro_avg": {
        "precision": 0.7777777777777778,
        "recall": 0.7777777777777778,
        "f1-score": 0.7777777777777778
    }
}