{
    "high": {
        "precision": 0.5,
        "recall": 0.375,
        "f1-score": 0.42857142857142855,
        "support": 8
    },
    "low": {
        "precision": 0.7727272727272727,
        "recall": 0.7906976744186046,
        "f1-score": 0.7816091954022988,
        "support": 43
    },
    "medium": {
        "precision": 0.7307692307692307,
        "recall": 0.7307692307692307,
        "f1-score": 0.7307692307692306,
        "support": 26
    },
    "normal": {
        "precision": 0.8536585365853658,
        "recall": 0.875,
        "f1-score": 0.8641975308641976,
        "support": 40
    },
    "accuracy": 0.7777777777777778,
    "macro_avg": {
        "precision": 0.7142887600204673,
        "recall": 0.6928667262969589,
        "f1-score": 0.701286846401789,
        "support": 117
    },
    "weighted_avg": {
        "precision": 0.7724240529118578,
        "recall": 0.7777777777777778,
        "f1-score": 0.7744074193627195,
        "support": 117
    },
    "micro_avg": {
        "precision": 0.7777777777777778,
        "recall": 0.7777777777777778,
        "f1-score": 0.7777777777777778
    }
}