{
    "high": {
        "precision": 0.5714285714285714,
        "recall": 0.4444444444444444,
        "f1-score": 0.5,
        "support": 9
    },
    "low": {
        "precision": 0.8842975206611571,
        "recall": 0.9469026548672567,
        "f1-score": 0.9145299145299146,
        "support": 113
    },
    "medium": {
        "precision": 0.9807692307692307,
        "recall": 0.9329268292682927,
        "f1-score": 0.95625,
        "support": 164
    },
    "normal": {
        "precision": 0.975609756097561,
        "recall": 0.9876543209876543,
        "f1-score": 0.9815950920245398,
        "support": 162
    },
    "accuracy": 0.9464285714285714,
    "macro_avg": {
        "precision": 0.8530262697391301,
        "recall": 0.8279820623919121,
        "f1-score": 0.8380937516386135,
        "support": 448
    },
    "weighted_avg": {
        "precision": 0.9463469002489432,
        "recall": 0.9464285714285714,
        "f1-score": 0.9457260831469997,
        "support": 448
    },
    "micro_avg": {
        "precision": 0.9464285714285714,
        "recall": 0.9464285714285714,
        "f1-score": 0.9464285714285714
    }
}