{
    "high": {
        "precision": 0.3333333333333333,
        "recall": 0.125,
        "f1-score": 0.18181818181818182,
        "support": 8
    },
    "low": {
        "precision": 0.8125,
        "recall": 0.9069767441860465,
        "f1-score": 0.8571428571428572,
        "support": 43
    },
    "medium": {
        "precision": 0.7307692307692307,
        "recall": 0.7307692307692307,
        "f1-score": 0.7307692307692306,
        "support": 26
    },
    "normal": {
        "precision": 0.9,
        "recall": 0.9,
        "f1-score": 0.9,
        "support": 40
    },
    "accuracy": 0.811965811965812,
    "macro_avg": {
        "precision": 0.694150641025641,
        "recall": 0.6656864937388193,
        "f1-score": 0.6674325674325674,
        "support": 117
    },
    "weighted_avg": {
        "precision": 0.7914886039886039,
        "recall": 0.811965811965812,
        "f1-score": 0.7975357975357975,
        "support": 117
    },
    "micro_avg": {
        "precision": 0.811965811965812,
        "recall": 0.811965811965812,
        "f1-score": 0.811965811965812
    }
}