{
    "high": {
        "precision": 0.5,
        "recall": 0.375,
        "f1-score": 0.42857142857142855,
        "support": 8
    },
    "low": {
        "precision": 0.7551020408163265,
        "recall": 0.8604651162790697,
        "f1-score": 0.8043478260869564,
        "support": 43
    },
    "medium": {
        "precision": 0.782608695652174,
        "recall": 0.6923076923076923,
        "f1-score": 0.7346938775510203,
        "support": 26
    },
    "normal": {
        "precision": 0.8974358974358975,
        "recall": 0.875,
        "f1-score": 0.8860759493670887,
        "support": 40
    },
    "accuracy": 0.7948717948717948,
    "macro_avg": {
        "precision": 0.7337866584760995,
        "recall": 0.7006932021466905,
        "f1-score": 0.7134222703941235,
        "support": 117
    },
    "weighted_avg": {
        "precision": 0.7924329037563629,
        "recall": 0.7948717948717948,
        "f1-score": 0.7911162969343645,
        "support": 117
    },
    "micro_avg": {
        "precision": 0.7948717948717948,
        "recall": 0.7948717948717948,
        "f1-score": 0.7948717948717948
    }
}