{
    "high": {
        "precision": 0.4,
        "recall": 0.4444444444444444,
        "f1-score": 0.4210526315789474,
        "support": 9
    },
    "low": {
        "precision": 0.9051724137931034,
        "recall": 0.9292035398230089,
        "f1-score": 0.9170305676855894,
        "support": 113
    },
    "medium": {
        "precision": 0.9620253164556962,
        "recall": 0.926829268292683,
        "f1-score": 0.9440993788819876,
        "support": 164
    },
    "normal": {
        "precision": 0.9878048780487805,
        "recall": 1.0,
        "f1-score": 0.9938650306748467,
        "support": 162
    },
    "accuracy": 0.9441964285714286,
    "macro_avg": {
        "precision": 0.813750652074395,
        "recall": 0.8251193131400341,
        "f1-score": 0.8190119022053427,
        "support": 448
    },
    "weighted_avg": {
        "precision": 0.9457165734403065,
        "recall": 0.9441964285714286,
        "f1-score": 0.9447597342380653,
        "support": 448
    },
    "micro_avg": {
        "precision": 0.9441964285714286,
        "recall": 0.9441964285714286,
        "f1-score": 0.9441964285714286
    }
}