{
    "high": {
        "precision": 0.21428571428571427,
        "recall": 0.3333333333333333,
        "f1-score": 0.2608695652173913,
        "support": 9
    },
    "low": {
        "precision": 0.9181818181818182,
        "recall": 0.8938053097345132,
        "f1-score": 0.9058295964125559,
        "support": 113
    },
    "medium": {
        "precision": 0.9506172839506173,
        "recall": 0.9390243902439024,
        "f1-score": 0.9447852760736196,
        "support": 164
    },
    "normal": {
        "precision": 0.9814814814814815,
        "recall": 0.9814814814814815,
        "f1-score": 0.9814814814814815,
        "support": 162
    },
    "accuracy": 0.9308035714285714,
    "macro_avg": {
        "precision": 0.7661415744749077,
        "recall": 0.7869111286983076,
        "f1-score": 0.773241479796262,
        "support": 448
    },
    "weighted_avg": {
        "precision": 0.9388043559174513,
        "recall": 0.9308035714285714,
        "f1-score": 0.9344896333876093,
        "support": 448
    },
    "micro_avg": {
        "precision": 0.9308035714285714,
        "recall": 0.9308035714285714,
        "f1-score": 0.9308035714285714
    }
}