{
    "high": {
        "precision": 0.6666666666666666,
        "recall": 0.6666666666666666,
        "f1-score": 0.6666666666666666,
        "support": 9
    },
    "low": {
        "precision": 0.9357798165137615,
        "recall": 0.9026548672566371,
        "f1-score": 0.918918918918919,
        "support": 113
    },
    "medium": {
        "precision": 0.9634146341463414,
        "recall": 0.9634146341463414,
        "f1-score": 0.9634146341463414,
        "support": 164
    },
    "normal": {
        "precision": 0.9759036144578314,
        "recall": 1.0,
        "f1-score": 0.9878048780487805,
        "support": 162
    },
    "accuracy": 0.9553571428571429,
    "macro_avg": {
        "precision": 0.8854411829461503,
        "recall": 0.8831840420174113,
        "f1-score": 0.8842012744451769,
        "support": 448
    },
    "weighted_avg": {
        "precision": 0.9549988946612137,
        "recall": 0.9553571428571429,
        "f1-score": 0.9550496162538844,
        "support": 448
    },
    "micro_avg": {
        "precision": 0.9553571428571429,
        "recall": 0.9553571428571429,
        "f1-score": 0.9553571428571429
    }
}