{
    "high": {
        "precision": 0.0,
        "recall": 0.0,
        "f1-score": 0.0,
        "support": 8
    },
    "low": {
        "precision": 0.6949152542372882,
        "recall": 0.9534883720930233,
        "f1-score": 0.803921568627451,
        "support": 43
    },
    "medium": {
        "precision": 0.6521739130434783,
        "recall": 0.5769230769230769,
        "f1-score": 0.6122448979591837,
        "support": 26
    },
    "normal": {
        "precision": 0.9428571428571428,
        "recall": 0.825,
        "f1-score": 0.88,
        "support": 40
    },
    "accuracy": 0.7606837606837606,
    "macro_avg": {
        "precision": 0.5724865775344774,
        "recall": 0.588852862254025,
        "f1-score": 0.5740416166466586,
        "support": 117
    },
    "weighted_avg": {
        "precision": 0.7226680631249534,
        "recall": 0.7606837606837606,
        "f1-score": 0.732367476905292,
        "support": 117
    },
    "micro_avg": {
        "precision": 0.7606837606837606,
        "recall": 0.7606837606837606,
        "f1-score": 0.7606837606837606
    }
}