{
    "high": {
        "precision": 0.6,
        "recall": 0.6666666666666666,
        "f1-score": 0.631578947368421,
        "support": 9
    },
    "low": {
        "precision": 0.9285714285714286,
        "recall": 0.9203539823008849,
        "f1-score": 0.9244444444444444,
        "support": 113
    },
    "medium": {
        "precision": 0.9567901234567902,
        "recall": 0.9451219512195121,
        "f1-score": 0.9509202453987731,
        "support": 164
    },
    "normal": {
        "precision": 0.9817073170731707,
        "recall": 0.9938271604938271,
        "f1-score": 0.9877300613496932,
        "support": 162
    },
    "accuracy": 0.9508928571428571,
    "macro_avg": {
        "precision": 0.8667672172753473,
        "recall": 0.8814924401702228,
        "f1-score": 0.873668424640333,
        "support": 448
    },
    "weighted_avg": {
        "precision": 0.9515150380387024,
        "recall": 0.9508928571428571,
        "f1-score": 0.9511375511888104,
        "support": 448
    },
    "micro_avg": {
        "precision": 0.9508928571428571,
        "recall": 0.9508928571428571,
        "f1-score": 0.9508928571428571
    }
}