{
    "high": {
        "precision": 0.4,
        "recall": 0.25,
        "f1-score": 0.3076923076923077,
        "support": 8
    },
    "low": {
        "precision": 0.8461538461538461,
        "recall": 0.7674418604651163,
        "f1-score": 0.8048780487804877,
        "support": 43
    },
    "medium": {
        "precision": 0.5428571428571428,
        "recall": 0.7307692307692307,
        "f1-score": 0.6229508196721311,
        "support": 26
    },
    "normal": {
        "precision": 0.8947368421052632,
        "recall": 0.85,
        "f1-score": 0.8717948717948718,
        "support": 40
    },
    "accuracy": 0.7521367521367521,
    "macro_avg": {
        "precision": 0.670936957779063,
        "recall": 0.6495527728085868,
        "f1-score": 0.6518290119849496,
        "support": 117
    },
    "weighted_avg": {
        "precision": 0.7648579041291592,
        "recall": 0.7521367521367521,
        "f1-score": 0.7533317157467497,
        "support": 117
    },
    "micro_avg": {
        "precision": 0.7521367521367521,
        "recall": 0.7521367521367521,
        "f1-score": 0.752136752136752
    }
}