{
    "high": {
        "precision": 0.46153846153846156,
        "recall": 0.6666666666666666,
        "f1-score": 0.5454545454545455,
        "support": 9
    },
    "low": {
        "precision": 0.8991596638655462,
        "recall": 0.9469026548672567,
        "f1-score": 0.9224137931034483,
        "support": 113
    },
    "medium": {
        "precision": 0.993421052631579,
        "recall": 0.9207317073170732,
        "f1-score": 0.9556962025316457,
        "support": 164
    },
    "normal": {
        "precision": 0.9817073170731707,
        "recall": 0.9938271604938271,
        "f1-score": 0.9877300613496932,
        "support": 162
    },
    "accuracy": 0.9486607142857143,
    "macro_avg": {
        "precision": 0.8339566237771894,
        "recall": 0.8820320473362059,
        "f1-score": 0.8528236506098332,
        "support": 448
    },
    "weighted_avg": {
        "precision": 0.9547243887680479,
        "recall": 0.9486607142857143,
        "f1-score": 0.950643519383082,
        "support": 448
    },
    "micro_avg": {
        "precision": 0.9486607142857143,
        "recall": 0.9486607142857143,
        "f1-score": 0.9486607142857143
    }
}