{
    "high": {
        "precision": 0.375,
        "recall": 0.6666666666666666,
        "f1-score": 0.4800000000000001,
        "support": 9
    },
    "low": {
        "precision": 0.9357798165137615,
        "recall": 0.9026548672566371,
        "f1-score": 0.918918918918919,
        "support": 113
    },
    "medium": {
        "precision": 0.987012987012987,
        "recall": 0.926829268292683,
        "f1-score": 0.9559748427672956,
        "support": 164
    },
    "normal": {
        "precision": 0.9585798816568047,
        "recall": 1.0,
        "f1-score": 0.9788519637462235,
        "support": 162
    },
    "accuracy": 0.9419642857142857,
    "macro_avg": {
        "precision": 0.8140931712958883,
        "recall": 0.8740377005539967,
        "f1-score": 0.8334364313581095,
        "support": 448
    },
    "weighted_avg": {
        "precision": 0.9515138168852394,
        "recall": 0.9419642857142857,
        "f1-score": 0.9453386834342913,
        "support": 448
    },
    "micro_avg": {
        "precision": 0.9419642857142857,
        "recall": 0.9419642857142857,
        "f1-score": 0.9419642857142857
    }
}