{
    "high": {
        "precision": 0.5454545454545454,
        "recall": 0.6666666666666666,
        "f1-score": 0.6,
        "support": 9
    },
    "low": {
        "precision": 0.9298245614035088,
        "recall": 0.9380530973451328,
        "f1-score": 0.933920704845815,
        "support": 113
    },
    "medium": {
        "precision": 0.9746835443037974,
        "recall": 0.9390243902439024,
        "f1-score": 0.9565217391304348,
        "support": 164
    },
    "normal": {
        "precision": 0.9818181818181818,
        "recall": 1.0,
        "f1-score": 0.9908256880733944,
        "support": 162
    },
    "accuracy": 0.9553571428571429,
    "macro_avg": {
        "precision": 0.8579452082450084,
        "recall": 0.8859360385639254,
        "f1-score": 0.870317033012411,
        "support": 448
    },
    "weighted_avg": {
        "precision": 0.9573256988126243,
        "recall": 0.9553571428571429,
        "f1-score": 0.9560633177072732,
        "support": 448
    },
    "micro_avg": {
        "precision": 0.9553571428571429,
        "recall": 0.9553571428571429,
        "f1-score": 0.9553571428571429
    }
}