{
    "high": {
        "precision": 0.3333333333333333,
        "recall": 0.25,
        "f1-score": 0.28571428571428575,
        "support": 8
    },
    "low": {
        "precision": 0.7954545454545454,
        "recall": 0.813953488372093,
        "f1-score": 0.8045977011494252,
        "support": 43
    },
    "medium": {
        "precision": 0.6923076923076923,
        "recall": 0.6923076923076923,
        "f1-score": 0.6923076923076923,
        "support": 26
    },
    "normal": {
        "precision": 0.8292682926829268,
        "recall": 0.85,
        "f1-score": 0.8395061728395061,
        "support": 40
    },
    "accuracy": 0.7606837606837606,
    "macro_avg": {
        "precision": 0.6625909659446244,
        "recall": 0.6515652951699463,
        "f1-score": 0.6555314630027274,
        "support": 117
    },
    "weighted_avg": {
        "precision": 0.7524952463976854,
        "recall": 0.7606837606837606,
        "f1-score": 0.7560996781941866,
        "support": 117
    },
    "micro_avg": {
        "precision": 0.7606837606837606,
        "recall": 0.7606837606837606,
        "f1-score": 0.7606837606837606
    }
}