{
    "high": {
        "precision": 0.5,
        "recall": 0.4444444444444444,
        "f1-score": 0.47058823529411764,
        "support": 9
    },
    "low": {
        "precision": 0.9532710280373832,
        "recall": 0.9026548672566371,
        "f1-score": 0.9272727272727272,
        "support": 113
    },
    "medium": {
        "precision": 0.9349112426035503,
        "recall": 0.9634146341463414,
        "f1-score": 0.948948948948949,
        "support": 164
    },
    "normal": {
        "precision": 0.9878048780487805,
        "recall": 1.0,
        "f1-score": 0.9938650306748467,
        "support": 162
    },
    "accuracy": 0.9508928571428571,
    "macro_avg": {
        "precision": 0.8439967871724284,
        "recall": 0.8276284864618557,
        "f1-score": 0.8351687355476601,
        "support": 448
    },
    "weighted_avg": {
        "precision": 0.9499318308015826,
        "recall": 0.9508928571428571,
        "f1-score": 0.9501135600366474,
        "support": 448
    },
    "micro_avg": {
        "precision": 0.9508928571428571,
        "recall": 0.9508928571428571,
        "f1-score": 0.9508928571428571
    }
}