{
    "high": {
        "precision": 0.3333333333333333,
        "recall": 0.25,
        "f1-score": 0.28571428571428575,
        "support": 8
    },
    "low": {
        "precision": 0.7857142857142857,
        "recall": 0.7674418604651163,
        "f1-score": 0.7764705882352941,
        "support": 43
    },
    "medium": {
        "precision": 0.6,
        "recall": 0.6923076923076923,
        "f1-score": 0.6428571428571429,
        "support": 26
    },
    "normal": {
        "precision": 0.8717948717948718,
        "recall": 0.85,
        "f1-score": 0.8607594936708861,
        "support": 40
    },
    "accuracy": 0.7435897435897436,
    "macro_avg": {
        "precision": 0.6477106227106227,
        "recall": 0.6399373881932021,
        "f1-score": 0.6414503776194023,
        "support": 117
    },
    "weighted_avg": {
        "precision": 0.7429416737109045,
        "recall": 0.7435897435897436,
        "f1-score": 0.7420394447944708,
        "support": 117
    },
    "micro_avg": {
        "precision": 0.7435897435897436,
        "recall": 0.7435897435897436,
        "f1-score": 0.7435897435897437
    }
}