{
    "high": {
        "precision": 0.42857142857142855,
        "recall": 0.6666666666666666,
        "f1-score": 0.5217391304347826,
        "support": 9
    },
    "low": {
        "precision": 0.9210526315789473,
        "recall": 0.9292035398230089,
        "f1-score": 0.9251101321585904,
        "support": 113
    },
    "medium": {
        "precision": 1.0,
        "recall": 0.9329268292682927,
        "f1-score": 0.9652996845425867,
        "support": 164
    },
    "normal": {
        "precision": 0.9700598802395209,
        "recall": 1.0,
        "f1-score": 0.9848024316109423,
        "support": 162
    },
    "accuracy": 0.9508928571428571,
    "macro_avg": {
        "precision": 0.8299209850974741,
        "recall": 0.882199258939492,
        "f1-score": 0.8492378446867256,
        "support": 448
    },
    "weighted_avg": {
        "precision": 0.9577807830901034,
        "recall": 0.9508928571428571,
        "f1-score": 0.953304105566497,
        "support": 448
    },
    "micro_avg": {
        "precision": 0.9508928571428571,
        "recall": 0.9508928571428571,
        "f1-score": 0.9508928571428571
    }
}