{
    "high": {
        "precision": 0.5,
        "recall": 0.4444444444444444,
        "f1-score": 0.47058823529411764,
        "support": 9
    },
    "low": {
        "precision": 0.9137931034482759,
        "recall": 0.9380530973451328,
        "f1-score": 0.925764192139738,
        "support": 113
    },
    "medium": {
        "precision": 0.9743589743589743,
        "recall": 0.926829268292683,
        "f1-score": 0.9500000000000001,
        "support": 164
    },
    "normal": {
        "precision": 0.9642857142857143,
        "recall": 1.0,
        "f1-score": 0.9818181818181818,
        "support": 162
    },
    "accuracy": 0.9464285714285714,
    "macro_avg": {
        "precision": 0.8381094480232412,
        "recall": 0.827331702520565,
        "f1-score": 0.8320426523130094,
        "support": 448
    },
    "weighted_avg": {
        "precision": 0.9459102191937783,
        "recall": 0.9464285714285714,
        "f1-score": 0.9457615921517476,
        "support": 448
    },
    "micro_avg": {
        "precision": 0.9464285714285714,
        "recall": 0.9464285714285714,
        "f1-score": 0.9464285714285714
    }
}