{
    "high": {
        "precision": 0.8,
        "recall": 0.4444444444444444,
        "f1-score": 0.5714285714285714,
        "support": 9
    },
    "low": {
        "precision": 0.9298245614035088,
        "recall": 0.9380530973451328,
        "f1-score": 0.933920704845815,
        "support": 113
    },
    "medium": {
        "precision": 0.9515151515151515,
        "recall": 0.9573170731707317,
        "f1-score": 0.9544072948328268,
        "support": 164
    },
    "normal": {
        "precision": 0.9878048780487805,
        "recall": 1.0,
        "f1-score": 0.9938650306748467,
        "support": 162
    },
    "accuracy": 0.9575892857142857,
    "macro_avg": {
        "precision": 0.9172861477418602,
        "recall": 0.8349536537400772,
        "f1-score": 0.863405400445515,
        "support": 448
    },
    "weighted_avg": {
        "precision": 0.9561228806495173,
        "recall": 0.9575892857142857,
        "f1-score": 0.9558143484650514,
        "support": 448
    },
    "micro_avg": {
        "precision": 0.9575892857142857,
        "recall": 0.9575892857142857,
        "f1-score": 0.9575892857142857
    }
}