{
    "high": {
        "precision": 0.5454545454545454,
        "recall": 0.6666666666666666,
        "f1-score": 0.6,
        "support": 9
    },
    "low": {
        "precision": 0.9210526315789473,
        "recall": 0.9292035398230089,
        "f1-score": 0.9251101321585904,
        "support": 113
    },
    "medium": {
        "precision": 0.9685534591194969,
        "recall": 0.9390243902439024,
        "f1-score": 0.9535603715170279,
        "support": 164
    },
    "normal": {
        "precision": 0.9878048780487805,
        "recall": 1.0,
        "f1-score": 0.9938650306748467,
        "support": 162
    },
    "accuracy": 0.953125,
    "macro_avg": {
        "precision": 0.8557163785504426,
        "recall": 0.8837236491833944,
        "f1-score": 0.8681338835876162,
        "support": 448
    },
    "weighted_avg": {
        "precision": 0.9550339192344016,
        "recall": 0.953125,
        "f1-score": 0.9538559840000859,
        "support": 448
    },
    "micro_avg": {
        "precision": 0.953125,
        "recall": 0.953125,
        "f1-score": 0.953125
    }
}