{
    "high": {
        "precision": 0.625,
        "recall": 0.5555555555555556,
        "f1-score": 0.5882352941176471,
        "support": 9
    },
    "low": {
        "precision": 0.9130434782608695,
        "recall": 0.9292035398230089,
        "f1-score": 0.9210526315789473,
        "support": 113
    },
    "medium": {
        "precision": 0.9573170731707317,
        "recall": 0.9573170731707317,
        "f1-score": 0.9573170731707317,
        "support": 164
    },
    "normal": {
        "precision": 0.9875776397515528,
        "recall": 0.9814814814814815,
        "f1-score": 0.9845201238390092,
        "support": 162
    },
    "accuracy": 0.9508928571428571,
    "macro_avg": {
        "precision": 0.8707345477957886,
        "recall": 0.8558894125076945,
        "f1-score": 0.8627812806765838,
        "support": 448
    },
    "weighted_avg": {
        "precision": 0.9504162738464951,
        "recall": 0.9508928571428571,
        "f1-score": 0.9505922434763379,
        "support": 448
    },
    "micro_avg": {
        "precision": 0.9508928571428571,
        "recall": 0.9508928571428571,
        "f1-score": 0.9508928571428571
    }
}