{
    "high": {
        "precision": 0.6666666666666666,
        "recall": 0.4444444444444444,
        "f1-score": 0.5333333333333333,
        "support": 9
    },
    "low": {
        "precision": 0.9083333333333333,
        "recall": 0.9646017699115044,
        "f1-score": 0.9356223175965666,
        "support": 113
    },
    "medium": {
        "precision": 0.9683544303797469,
        "recall": 0.9329268292682927,
        "f1-score": 0.9503105590062113,
        "support": 164
    },
    "normal": {
        "precision": 0.9878048780487805,
        "recall": 1.0,
        "f1-score": 0.9938650306748467,
        "support": 162
    },
    "accuracy": 0.9553571428571429,
    "macro_avg": {
        "precision": 0.8827898271071318,
        "recall": 0.8354932609060604,
        "f1-score": 0.8532828101527395,
        "support": 448
    },
    "weighted_avg": {
        "precision": 0.954187909582249,
        "recall": 0.9553571428571429,
        "f1-score": 0.9539785458365085,
        "support": 448
    },
    "micro_avg": {
        "precision": 0.9553571428571429,
        "recall": 0.9553571428571429,
        "f1-score": 0.9553571428571429
    }
}