{
    "high": {
        "precision": 0.4,
        "recall": 0.25,
        "f1-score": 0.3076923076923077,
        "support": 8
    },
    "low": {
        "precision": 0.7727272727272727,
        "recall": 0.7906976744186046,
        "f1-score": 0.7816091954022988,
        "support": 43
    },
    "medium": {
        "precision": 0.7037037037037037,
        "recall": 0.7307692307692307,
        "f1-score": 0.7169811320754716,
        "support": 26
    },
    "normal": {
        "precision": 0.8292682926829268,
        "recall": 0.85,
        "f1-score": 0.8395061728395061,
        "support": 40
    },
    "accuracy": 0.7606837606837606,
    "macro_avg": {
        "precision": 0.6764248172784758,
        "recall": 0.6553667262969589,
        "f1-score": 0.661447202002396,
        "support": 117
    },
    "weighted_avg": {
        "precision": 0.7512333395802231,
        "recall": 0.7606837606837606,
        "f1-score": 0.7546366684733318,
        "support": 117
    },
    "micro_avg": {
        "precision": 0.7606837606837606,
        "recall": 0.7606837606837606,
        "f1-score": 0.7606837606837606
    }
}