{
    "high": {
        "precision": 0.375,
        "recall": 0.375,
        "f1-score": 0.375,
        "support": 8
    },
    "low": {
        "precision": 0.7567567567567568,
        "recall": 0.6511627906976745,
        "f1-score": 0.7000000000000001,
        "support": 43
    },
    "medium": {
        "precision": 0.59375,
        "recall": 0.7307692307692307,
        "f1-score": 0.6551724137931033,
        "support": 26
    },
    "normal": {
        "precision": 0.9,
        "recall": 0.9,
        "f1-score": 0.9,
        "support": 40
    },
    "accuracy": 0.7350427350427351,
    "macro_avg": {
        "precision": 0.6563766891891892,
        "recall": 0.6642330053667262,
        "f1-score": 0.6575431034482758,
        "support": 117
    },
    "weighted_avg": {
        "precision": 0.743402055902056,
        "recall": 0.7350427350427351,
        "f1-score": 0.7361921603300914,
        "support": 117
    },
    "micro_avg": {
        "precision": 0.7350427350427351,
        "recall": 0.7350427350427351,
        "f1-score": 0.7350427350427351
    }
}