{
    "high": {
        "precision": 0.5,
        "recall": 0.5555555555555556,
        "f1-score": 0.5263157894736842,
        "support": 9
    },
    "low": {
        "precision": 0.8916666666666667,
        "recall": 0.9469026548672567,
        "f1-score": 0.9184549356223176,
        "support": 113
    },
    "medium": {
        "precision": 0.9806451612903225,
        "recall": 0.926829268292683,
        "f1-score": 0.9529780564263324,
        "support": 164
    },
    "normal": {
        "precision": 0.9877300613496932,
        "recall": 0.9938271604938271,
        "f1-score": 0.9907692307692307,
        "support": 162
    },
    "accuracy": 0.9486607142857143,
    "macro_avg": {
        "precision": 0.8400104723266706,
        "recall": 0.8557786598023306,
        "f1-score": 0.8471295030728911,
        "support": 448
    },
    "weighted_avg": {
        "precision": 0.9511080574187422,
        "recall": 0.9486607142857143,
        "f1-score": 0.9493644340828548,
        "support": 448
    },
    "micro_avg": {
        "precision": 0.9486607142857143,
        "recall": 0.9486607142857143,
        "f1-score": 0.9486607142857143
    }
}