{
    "high": {
        "precision": 0.6666666666666666,
        "recall": 0.4444444444444444,
        "f1-score": 0.5333333333333333,
        "support": 9
    },
    "low": {
        "precision": 0.8861788617886179,
        "recall": 0.9646017699115044,
        "f1-score": 0.9237288135593221,
        "support": 113
    },
    "medium": {
        "precision": 0.993421052631579,
        "recall": 0.9207317073170732,
        "f1-score": 0.9556962025316457,
        "support": 164
    },
    "normal": {
        "precision": 0.9700598802395209,
        "recall": 1.0,
        "f1-score": 0.9848024316109423,
        "support": 162
    },
    "accuracy": 0.9508928571428571,
    "macro_avg": {
        "precision": 0.879081615331596,
        "recall": 0.8324444804182555,
        "f1-score": 0.8493901952588109,
        "support": 448
    },
    "weighted_avg": {
        "precision": 0.9513592960100338,
        "recall": 0.9508928571428571,
        "f1-score": 0.9496730514918882,
        "support": 448
    },
    "micro_avg": {
        "precision": 0.9508928571428571,
        "recall": 0.9508928571428571,
        "f1-score": 0.9508928571428571
    }
}