{
    "high": {
        "precision": 0.5714285714285714,
        "recall": 0.4444444444444444,
        "f1-score": 0.5,
        "support": 9
    },
    "low": {
        "precision": 0.9224137931034483,
        "recall": 0.9469026548672567,
        "f1-score": 0.9344978165938865,
        "support": 113
    },
    "medium": {
        "precision": 0.950920245398773,
        "recall": 0.9451219512195121,
        "f1-score": 0.948012232415902,
        "support": 164
    },
    "normal": {
        "precision": 0.9938271604938271,
        "recall": 0.9938271604938271,
        "f1-score": 0.9938271604938271,
        "support": 162
    },
    "accuracy": 0.953125,
    "macro_avg": {
        "precision": 0.8596474426061549,
        "recall": 0.8325740527562601,
        "f1-score": 0.8440843023759039,
        "support": 448
    },
    "weighted_avg": {
        "precision": 0.951621732162825,
        "recall": 0.953125,
        "f1-score": 0.9521702218556186,
        "support": 448
    },
    "micro_avg": {
        "precision": 0.953125,
        "recall": 0.953125,
        "f1-score": 0.953125
    }
}