{
    "high": {
        "precision": 0.5,
        "recall": 0.5555555555555556,
        "f1-score": 0.5263157894736842,
        "support": 9
    },
    "low": {
        "precision": 0.9375,
        "recall": 0.9292035398230089,
        "f1-score": 0.9333333333333333,
        "support": 113
    },
    "medium": {
        "precision": 0.9627329192546584,
        "recall": 0.9451219512195121,
        "f1-score": 0.9538461538461539,
        "support": 164
    },
    "normal": {
        "precision": 0.9818181818181818,
        "recall": 1.0,
        "f1-score": 0.9908256880733944,
        "support": 162
    },
    "accuracy": 0.953125,
    "macro_avg": {
        "precision": 0.8455127752682101,
        "recall": 0.8574702616495191,
        "f1-score": 0.8510802411816415,
        "support": 448
    },
    "weighted_avg": {
        "precision": 0.9539737594024764,
        "recall": 0.953125,
        "f1-score": 0.9534554452468503,
        "support": 448
    },
    "micro_avg": {
        "precision": 0.953125,
        "recall": 0.953125,
        "f1-score": 0.953125
    }
}