{
    "high": {
        "precision": 0.7142857142857143,
        "recall": 0.5555555555555556,
        "f1-score": 0.6250000000000001,
        "support": 9
    },
    "low": {
        "precision": 0.8991596638655462,
        "recall": 0.9469026548672567,
        "f1-score": 0.9224137931034483,
        "support": 113
    },
    "medium": {
        "precision": 0.9631901840490797,
        "recall": 0.9573170731707317,
        "f1-score": 0.9602446483180427,
        "support": 164
    },
    "normal": {
        "precision": 0.9937106918238994,
        "recall": 0.9753086419753086,
        "f1-score": 0.984423676012461,
        "support": 162
    },
    "accuracy": 0.953125,
    "macro_avg": {
        "precision": 0.8925865635060599,
        "recall": 0.8587709813922131,
        "f1-score": 0.8730205293584881,
        "support": 448
    },
    "weighted_avg": {
        "precision": 0.9530757493412922,
        "recall": 0.953125,
        "f1-score": 0.952710974238543,
        "support": 448
    },
    "micro_avg": {
        "precision": 0.953125,
        "recall": 0.953125,
        "f1-score": 0.953125
    }
}