{
    "high": {
        "precision": 0.5384615384615384,
        "recall": 0.7777777777777778,
        "f1-score": 0.6363636363636364,
        "support": 9
    },
    "low": {
        "precision": 0.9259259259259259,
        "recall": 0.8849557522123894,
        "f1-score": 0.9049773755656108,
        "support": 113
    },
    "medium": {
        "precision": 0.9627329192546584,
        "recall": 0.9451219512195121,
        "f1-score": 0.9538461538461539,
        "support": 164
    },
    "normal": {
        "precision": 0.9698795180722891,
        "recall": 0.9938271604938271,
        "f1-score": 0.9817073170731707,
        "support": 162
    },
    "accuracy": 0.9441964285714286,
    "macro_avg": {
        "precision": 0.849249975428603,
        "recall": 0.9004206604258765,
        "f1-score": 0.8692236207121429,
        "support": 448
    },
    "weighted_avg": {
        "precision": 0.9475099646456658,
        "recall": 0.9441964285714286,
        "f1-score": 0.9452166758098429,
        "support": 448
    },
    "micro_avg": {
        "precision": 0.9441964285714286,
        "recall": 0.9441964285714286,
        "f1-score": 0.9441964285714286
    }
}