{
    "high": {
        "precision": 0.5,
        "recall": 0.4444444444444444,
        "f1-score": 0.47058823529411764,
        "support": 9
    },
    "low": {
        "precision": 0.9230769230769231,
        "recall": 0.9557522123893806,
        "f1-score": 0.9391304347826088,
        "support": 113
    },
    "medium": {
        "precision": 0.9743589743589743,
        "recall": 0.926829268292683,
        "f1-score": 0.9500000000000001,
        "support": 164
    },
    "normal": {
        "precision": 0.9700598802395209,
        "recall": 1.0,
        "f1-score": 0.9848024316109423,
        "support": 162
    },
    "accuracy": 0.9508928571428571,
    "macro_avg": {
        "precision": 0.8418739444188545,
        "recall": 0.8317564812816269,
        "f1-score": 0.8361302754219172,
        "support": 448
    },
    "weighted_avg": {
        "precision": 0.9503398765655502,
        "recall": 0.9508928571428571,
        "f1-score": 0.9502121142166394,
        "support": 448
    },
    "micro_avg": {
        "precision": 0.9508928571428571,
        "recall": 0.9508928571428571,
        "f1-score": 0.9508928571428571
    }
}