{
    "high": {
        "precision": 0.42857142857142855,
        "recall": 0.375,
        "f1-score": 0.39999999999999997,
        "support": 8
    },
    "low": {
        "precision": 0.8,
        "recall": 0.7441860465116279,
        "f1-score": 0.7710843373493975,
        "support": 43
    },
    "medium": {
        "precision": 0.6129032258064516,
        "recall": 0.7307692307692307,
        "f1-score": 0.6666666666666667,
        "support": 26
    },
    "normal": {
        "precision": 0.8717948717948718,
        "recall": 0.85,
        "f1-score": 0.8607594936708861,
        "support": 40
    },
    "accuracy": 0.7521367521367521,
    "macro_avg": {
        "precision": 0.678317381543188,
        "recall": 0.6749888193202147,
        "f1-score": 0.6746276244217376,
        "support": 117
    },
    "weighted_avg": {
        "precision": 0.7575713689857612,
        "recall": 0.7521367521367521,
        "f1-score": 0.7531652956084861,
        "support": 117
    },
    "micro_avg": {
        "precision": 0.7521367521367521,
        "recall": 0.7521367521367521,
        "f1-score": 0.752136752136752
    }
}