{
    "high": {
        "precision": 0.6666666666666666,
        "recall": 0.4444444444444444,
        "f1-score": 0.5333333333333333,
        "support": 9
    },
    "low": {
        "precision": 0.8571428571428571,
        "recall": 0.9557522123893806,
        "f1-score": 0.9037656903765691,
        "support": 113
    },
    "medium": {
        "precision": 0.9868421052631579,
        "recall": 0.9146341463414634,
        "f1-score": 0.949367088607595,
        "support": 164
    },
    "normal": {
        "precision": 0.9817073170731707,
        "recall": 0.9938271604938271,
        "f1-score": 0.9877300613496932,
        "support": 162
    },
    "accuracy": 0.9441964285714286,
    "macro_avg": {
        "precision": 0.8730897365364632,
        "recall": 0.8271644909172788,
        "f1-score": 0.8435490434167977,
        "support": 448
    },
    "weighted_avg": {
        "precision": 0.9458389140315947,
        "recall": 0.9441964285714286,
        "f1-score": 0.943379454202786,
        "support": 448
    },
    "micro_avg": {
        "precision": 0.9441964285714286,
        "recall": 0.9441964285714286,
        "f1-score": 0.9441964285714286
    }
}